2023.11.04 18:36:13 INFO  Started: Metals version 1.1.0 in folders '/Users/acabase/coincap-backend' for client Visual Studio Code 1.81.1.
2023.11.04 18:36:14 INFO  time: initialize in 0.1s
2023.11.04 18:36:21 ERROR Unexpected error initializing server: 
scala.concurrent.Future$$anon$2: Future.filter predicate is not satisfied

2023.11.04 18:38:52 INFO  no build target found for /Users/acabase/coincap-backend/build.sbt. Using presentation compiler with project's scala-library version: 3.3.1
2023.11.04 18:39:12 WARN  no build target for: /Users/acabase/coincap-backend/build.sbt
2023.11.04 18:41:34 WARN  no build target for: /Users/acabase/coincap-backend/build.sc
2023.11.04 18:41:54 WARN  Could not find semantic tokens for: file:///Users/acabase/coincap-backend/project/plugins.sbt
2023.11.04 18:41:55 WARN  Could not find semantic tokens for: file:///Users/acabase/coincap-backend/project/plugins.sbt
2023.11.04 18:41:55 WARN  no build target for: /Users/acabase/coincap-backend/project/plugins.sbt
2023.11.04 18:41:55 WARN  Could not find semantic tokens for: file:///Users/acabase/coincap-backend/project/plugins.sbt
2023.11.04 18:41:56 WARN  Could not find semantic tokens for: file:///Users/acabase/coincap-backend/project/plugins.sbt
2023.11.04 18:43:41 WARN  no build target for: /Users/acabase/coincap-backend/app/controllers/HomeController.scala
Nov 04, 2023 6:43:46 PM org.eclipse.lsp4j.jsonrpc.RemoteEndpoint handleCancellation
WARNING: Unmatched cancel notification for request id 108
Nov 04, 2023 6:44:28 PM org.eclipse.lsp4j.jsonrpc.RemoteEndpoint handleCancellation
WARNING: Unmatched cancel notification for request id 164
Nov 04, 2023 6:44:36 PM org.eclipse.lsp4j.jsonrpc.RemoteEndpoint handleCancellation
WARNING: Unmatched cancel notification for request id 214
2023.11.04 18:46:57 WARN  Could not find semantic tokens for: file:///Users/acabase/coincap-backend/app/models/domain/Coincap.scala
2023.11.04 18:46:59 WARN  Could not find semantic tokens for: file:///Users/acabase/coincap-backend/app/models/domain/Coincap.scala
2023.11.04 18:46:59 WARN  Could not find semantic tokens for: file:///Users/acabase/coincap-backend/app/models/domain/Coincap.scala
2023.11.04 18:47:00 WARN  Could not find semantic tokens for: file:///Users/acabase/coincap-backend/app/models/domain/Coincap.scala
Nov 04, 2023 6:47:12 PM org.eclipse.lsp4j.jsonrpc.RemoteEndpoint handleCancellation
WARNING: Unmatched cancel notification for request id 319
Nov 04, 2023 6:47:32 PM org.eclipse.lsp4j.jsonrpc.RemoteEndpoint handleCancellation
WARNING: Unmatched cancel notification for request id 431
Nov 04, 2023 6:47:34 PM org.eclipse.lsp4j.jsonrpc.RemoteEndpoint handleCancellation
WARNING: Unmatched cancel notification for request id 440
Nov 04, 2023 6:47:36 PM org.eclipse.lsp4j.jsonrpc.RemoteEndpoint handleCancellation
WARNING: Unmatched cancel notification for request id 449
Nov 04, 2023 6:47:37 PM scala.meta.internal.pc.CompilerAccess handleError
SEVERE: A severe compiler error occurred, full details of the error can be found in the error report /Users/acabase/coincap-backend/.metals/.reports/metals-full/2023-11-04/r_compiler-error_18-47-36-870.md
2023.11.04 18:48:13 WARN  no build target for: /Users/acabase/coincap-backend/app/models/domain/Coincap.scala
Nov 04, 2023 6:49:25 PM org.eclipse.lsp4j.jsonrpc.RemoteEndpoint handleCancellation
WARNING: Unmatched cancel notification for request id 671
Nov 04, 2023 6:49:33 PM org.eclipse.lsp4j.jsonrpc.RemoteEndpoint handleCancellation
WARNING: Unmatched cancel notification for request id 694
Nov 04, 2023 6:49:34 PM org.eclipse.lsp4j.jsonrpc.RemoteEndpoint handleCancellation
WARNING: Unmatched cancel notification for request id 698
2023.11.04 18:49:40 WARN  no build target for: /Users/acabase/coincap-backend/app/controllers/HomeController.scala
Nov 04, 2023 6:51:28 PM org.eclipse.lsp4j.jsonrpc.RemoteEndpoint handleCancellation
WARNING: Unmatched cancel notification for request id 761
2023.11.04 18:51:36 WARN  no build target for: /Users/acabase/coincap-backend/app/controllers/HomeController.scala
Nov 04, 2023 6:54:02 PM org.eclipse.lsp4j.jsonrpc.RemoteEndpoint handleCancellation
WARNING: Unmatched cancel notification for request id 1001
2023.11.04 18:56:58 WARN  no build target for: /Users/acabase/coincap-backend/app/controllers/HomeController.scala
Nov 04, 2023 6:57:12 PM org.eclipse.lsp4j.jsonrpc.RemoteEndpoint handleCancellation
WARNING: Unmatched cancel notification for request id 1483
2023.11.04 18:57:36 WARN  no build target for: /Users/acabase/coincap-backend/build.sbt
2023.11.04 18:58:27 WARN  no build target for: /Users/acabase/coincap-backend/app/controllers/HomeController.scala
2023.11.04 18:58:40 WARN  no build target for: /Users/acabase/coincap-backend/app/controllers/HomeController.scala
2023.11.04 18:58:54 WARN  no build target for: /Users/acabase/coincap-backend/app/controllers/HomeController.scala
2023.11.04 18:59:27 WARN  no build target for: /Users/acabase/coincap-backend/app/controllers/HomeController.scala
2023.11.04 18:59:48 WARN  no build target for: /Users/acabase/coincap-backend/app/models/domain/Coincap.scala
2023.11.04 19:00:05 WARN  no build target for: /Users/acabase/coincap-backend/app/controllers/HomeController.scala
Nov 04, 2023 7:00:20 PM org.eclipse.lsp4j.jsonrpc.RemoteEndpoint handleCancellation
WARNING: Unmatched cancel notification for request id 1649
2023.11.04 19:01:10 WARN  no build target for: /Users/acabase/coincap-backend/app/models/domain/Coincap.scala
2023.11.04 19:01:15 WARN  no build target for: /Users/acabase/coincap-backend/app/models/domain/Coincap.scala
Nov 04, 2023 7:01:23 PM org.eclipse.lsp4j.jsonrpc.RemoteEndpoint handleCancellation
WARNING: Unmatched cancel notification for request id 1765
2023.11.04 19:01:34 WARN  no build target for: /Users/acabase/coincap-backend/app/models/domain/Coincap.scala
2023.11.04 19:07:54 WARN  Could not find semantic tokens for: file:///Users/acabase/coincap-backend/app/models/domain/Portfolio.scala
2023.11.04 19:07:55 WARN  Could not find semantic tokens for: file:///Users/acabase/coincap-backend/app/models/domain/Portfolio.scala
2023.11.04 19:07:57 WARN  Could not find semantic tokens for: file:///Users/acabase/coincap-backend/app/models/domain/Portfolio.scala
Nov 04, 2023 7:08:02 PM org.eclipse.lsp4j.jsonrpc.RemoteEndpoint handleCancellation
WARNING: Unmatched cancel notification for request id 1876
Nov 04, 2023 7:08:02 PM org.eclipse.lsp4j.jsonrpc.RemoteEndpoint handleCancellation
WARNING: Unmatched cancel notification for request id 1875
Nov 04, 2023 7:08:02 PM org.eclipse.lsp4j.jsonrpc.RemoteEndpoint handleCancellation
WARNING: Unmatched cancel notification for request id 1881
Nov 04, 2023 7:08:10 PM org.eclipse.lsp4j.jsonrpc.RemoteEndpoint handleCancellation
WARNING: Unmatched cancel notification for request id 1903
Nov 04, 2023 7:08:10 PM org.eclipse.lsp4j.jsonrpc.RemoteEndpoint handleCancellation
WARNING: Unmatched cancel notification for request id 1907
Nov 04, 2023 7:08:10 PM org.eclipse.lsp4j.jsonrpc.RemoteEndpoint handleCancellation
WARNING: Unmatched cancel notification for request id 1906
Nov 04, 2023 7:09:59 PM org.eclipse.lsp4j.jsonrpc.RemoteEndpoint handleCancellation
WARNING: Unmatched cancel notification for request id 2320
Nov 04, 2023 7:10:46 PM org.eclipse.lsp4j.jsonrpc.RemoteEndpoint handleCancellation
WARNING: Unmatched cancel notification for request id 2629
Nov 04, 2023 7:10:47 PM scala.meta.internal.pc.CompilerAccess handleError
SEVERE: A severe compiler error occurred, full details of the error can be found in the error report /Users/acabase/coincap-backend/.metals/.reports/metals-full/2023-11-04/r_compiler-error_19-10-47-908.md
2023.11.04 19:10:49 WARN  no build target for: /Users/acabase/coincap-backend/app/models/domain/Portfolio.scala
2023.11.04 19:11:02 WARN  no build target for: /Users/acabase/coincap-backend/app/models/domain/Portfolio.scala
Nov 04, 2023 7:11:27 PM scala.meta.internal.pc.CompilerAccess handleError
SEVERE: A severe compiler error occurred, full details of the error can be found in the error report /Users/acabase/coincap-backend/.metals/.reports/metals-full/2023-11-04/r_compiler-error_19-11-27-053.md
Nov 04, 2023 7:11:29 PM scala.meta.internal.pc.CompilerAccess handleError
SEVERE: A severe compiler error occurred, full details of the error can be found in the error report /Users/acabase/coincap-backend/.metals/.reports/metals-full/2023-11-04/r_compiler-error_19-11-29-489.md
Nov 04, 2023 7:11:41 PM org.eclipse.lsp4j.jsonrpc.RemoteEndpoint handleCancellation
WARNING: Unmatched cancel notification for request id 2753
2023.11.04 19:11:56 WARN  no build target for: /Users/acabase/coincap-backend/app/models/domain/Portfolio.scala
2023.11.04 19:12:39 WARN  Could not find semantic tokens for: file:///Users/acabase/coincap-backend/app/models/repo/PortfolioRepo.scala
Nov 04, 2023 7:12:42 PM org.eclipse.lsp4j.jsonrpc.RemoteEndpoint handleCancellation
WARNING: Unmatched cancel notification for request id 2831
2023.11.04 19:12:42 WARN  Could not find semantic tokens for: file:///Users/acabase/coincap-backend/app/models/repo/PortfolioRepo.scala
Nov 04, 2023 7:13:13 PM org.eclipse.lsp4j.jsonrpc.RemoteEndpoint handleCancellation
WARNING: Unmatched cancel notification for request id 2958
Nov 04, 2023 7:13:24 PM org.eclipse.lsp4j.jsonrpc.RemoteEndpoint handleCancellation
WARNING: Unmatched cancel notification for request id 3012
Nov 04, 2023 7:13:38 PM org.eclipse.lsp4j.jsonrpc.RemoteEndpoint handleCancellation
WARNING: Unmatched cancel notification for request id 3111
Nov 04, 2023 7:14:15 PM scala.meta.internal.pc.CompilerAccess handleError
SEVERE: A severe compiler error occurred, full details of the error can be found in the error report /Users/acabase/coincap-backend/.metals/.reports/metals-full/2023-11-04/r_compiler-error_19-14-15-779.md
2023.11.04 19:15:26 WARN  no build target for: /Users/acabase/coincap-backend/app/models/repo/PortfolioRepo.scala
Nov 04, 2023 7:15:40 PM org.eclipse.lsp4j.jsonrpc.RemoteEndpoint handleCancellation
WARNING: Unmatched cancel notification for request id 3630
Nov 04, 2023 7:16:10 PM org.eclipse.lsp4j.jsonrpc.RemoteEndpoint handleCancellation
WARNING: Unmatched cancel notification for request id 3766
Nov 04, 2023 7:18:17 PM scala.meta.internal.pc.CompilerAccess handleError
SEVERE: A severe compiler error occurred, full details of the error can be found in the error report /Users/acabase/coincap-backend/.metals/.reports/metals-full/2023-11-04/r_compiler-error_19-18-17-191.md
2023.11.04 19:18:36 WARN  no build target for: /Users/acabase/coincap-backend/app/models/repo/PortfolioRepo.scala
2023.11.04 19:19:58 WARN  no build target for: /Users/acabase/coincap-backend/app/models/repo/PortfolioRepo.scala
2023.11.04 19:19:58 WARN  Using indexes to guess the definition of quantity
2023.11.04 19:20:34 WARN  Using indexes to guess the definition of quantity
Nov 04, 2023 7:20:45 PM org.eclipse.lsp4j.jsonrpc.RemoteEndpoint handleCancellation
WARNING: Unmatched cancel notification for request id 4483
2023.11.04 19:21:57 WARN  no build target for: /Users/acabase/coincap-backend/app/models/repo/PortfolioRepo.scala
2023.11.04 19:22:54 WARN  no build target for: /Users/acabase/coincap-backend/app/models/repo/PortfolioRepo.scala
2023.11.04 19:23:18 WARN  no build target for: /Users/acabase/coincap-backend/app/models/repo/PortfolioRepo.scala
Nov 04, 2023 7:23:51 PM org.eclipse.lsp4j.jsonrpc.RemoteEndpoint handleCancellation
WARNING: Unmatched cancel notification for request id 5169
2023.11.04 19:23:56 WARN  no build target for: /Users/acabase/coincap-backend/app/controllers/HomeController.scala
2023.11.04 19:24:03 WARN  no build target for: /Users/acabase/coincap-backend/app/controllers/HomeController.scala
2023.11.04 19:24:13 WARN  no build target for: /Users/acabase/coincap-backend/app/controllers/HomeController.scala
2023.11.04 19:24:36 WARN  no build target for: /Users/acabase/coincap-backend/app/controllers/HomeController.scala
Nov 04, 2023 7:24:58 PM org.eclipse.lsp4j.jsonrpc.RemoteEndpoint handleCancellation
WARNING: Unmatched cancel notification for request id 5319
2023.11.04 19:25:20 WARN  no build target for: /Users/acabase/coincap-backend/app/controllers/HomeController.scala
2023.11.04 19:26:10 WARN  no build target for: /Users/acabase/coincap-backend/app/controllers/HomeController.scala
2023.11.04 19:26:40 WARN  no build target for: /Users/acabase/coincap-backend/app/controllers/HomeController.scala
2023.11.04 19:27:33 WARN  no build target for: /Users/acabase/coincap-backend/app/controllers/HomeController.scala
2023.11.04 19:27:36 WARN  no build target for: /Users/acabase/coincap-backend/app/controllers/HomeController.scala
2023.11.04 19:28:22 WARN  no build target for: /Users/acabase/coincap-backend/app/controllers/HomeController.scala
2023.11.04 19:28:29 WARN  no build target for: /Users/acabase/coincap-backend/app/controllers/HomeController.scala
2023.11.04 19:28:38 WARN  no build target for: /Users/acabase/coincap-backend/app/models/repo/PortfolioRepo.scala
2023.11.04 19:28:53 WARN  no build target for: /Users/acabase/coincap-backend/app/models/repo/PortfolioRepo.scala
2023.11.04 19:29:15 WARN  no build target for: /Users/acabase/coincap-backend/app/controllers/HomeController.scala
Nov 04, 2023 7:33:00 PM org.eclipse.lsp4j.jsonrpc.RemoteEndpoint handleCancellation
WARNING: Unmatched cancel notification for request id 5728
Nov 04, 2023 7:33:00 PM org.eclipse.lsp4j.jsonrpc.RemoteEndpoint handleCancellation
WARNING: Unmatched cancel notification for request id 5727
2023.11.04 19:34:28 WARN  no build target for: /Users/acabase/coincap-backend/app/models/repo/PortfolioRepo.scala
Nov 04, 2023 7:34:58 PM org.eclipse.lsp4j.jsonrpc.RemoteEndpoint handleCancellation
WARNING: Unmatched cancel notification for request id 5992
Nov 04, 2023 7:36:14 PM scala.meta.internal.pc.CompilerAccess handleError
SEVERE: A severe compiler error occurred, full details of the error can be found in the error report /Users/acabase/coincap-backend/.metals/.reports/metals-full/2023-11-04/r_compiler-error_19-36-14-779.md
Nov 04, 2023 7:36:15 PM org.eclipse.lsp4j.jsonrpc.RemoteEndpoint handleCancellation
WARNING: Unmatched cancel notification for request id 6323
Nov 04, 2023 7:36:17 PM org.eclipse.lsp4j.jsonrpc.RemoteEndpoint handleCancellation
WARNING: Unmatched cancel notification for request id 6331
Nov 04, 2023 7:36:21 PM scala.meta.internal.pc.CompilerAccess handleError
SEVERE: A severe compiler error occurred, full details of the error can be found in the error report /Users/acabase/coincap-backend/.metals/.reports/metals-full/2023-11-04/r_compiler-error_19-36-21-678.md
2023.11.04 19:36:27 WARN  no build target for: /Users/acabase/coincap-backend/app/controllers/HomeController.scala
2023.11.04 19:37:04 WARN  no build target for: /Users/acabase/coincap-backend/app/controllers/HomeController.scala
2023.11.04 19:37:24 WARN  no build target for: /Users/acabase/coincap-backend/app/controllers/HomeController.scala
2023.11.04 19:37:34 WARN  no build target for: /Users/acabase/coincap-backend/app/controllers/HomeController.scala
2023.11.04 19:38:05 WARN  no build target for: /Users/acabase/coincap-backend/app/controllers/HomeController.scala
2023.11.04 19:38:49 WARN  no build target for: /Users/acabase/coincap-backend/app/controllers/HomeController.scala
Nov 04, 2023 7:38:51 PM org.eclipse.lsp4j.jsonrpc.RemoteEndpoint handleCancellation
WARNING: Unmatched cancel notification for request id 6589
2023.11.04 19:38:52 WARN  no build target for: /Users/acabase/coincap-backend/app/controllers/HomeController.scala
2023.11.04 19:39:41 WARN  no build target for: /Users/acabase/coincap-backend/app/controllers/HomeController.scala
2023.11.04 19:40:19 WARN  no build target for: /Users/acabase/coincap-backend/app/controllers/HomeController.scala
2023.11.04 19:40:34 WARN  no build target for: /Users/acabase/coincap-backend/app/controllers/HomeController.scala
2023.11.04 19:40:46 WARN  no build target for: /Users/acabase/coincap-backend/app/controllers/HomeController.scala
2023.11.04 19:41:49 WARN  no build target for: /Users/acabase/coincap-backend/app/controllers/HomeController.scala
Nov 04, 2023 7:42:00 PM org.eclipse.lsp4j.jsonrpc.RemoteEndpoint handleCancellation
WARNING: Unmatched cancel notification for request id 6810
2023.11.04 19:45:57 WARN  no build target for: /Users/acabase/coincap-backend/app/controllers/HomeController.scala
2023.11.04 19:46:35 WARN  no build target for: /Users/acabase/coincap-backend/app/controllers/HomeController.scala
2023.11.04 19:46:45 WARN  no build target for: /Users/acabase/coincap-backend/app/controllers/HomeController.scala
Nov 04, 2023 7:51:05 PM org.eclipse.lsp4j.jsonrpc.RemoteEndpoint handleCancellation
WARNING: Unmatched cancel notification for request id 7476
Nov 04, 2023 7:51:13 PM org.eclipse.lsp4j.jsonrpc.RemoteEndpoint handleCancellation
WARNING: Unmatched cancel notification for request id 7506
2023.11.04 19:51:24 WARN  no build target for: /Users/acabase/coincap-backend/app/models/domain/Portfolio.scala
2023.11.04 19:51:24 WARN  no build target for: /Users/acabase/coincap-backend/app/models/domain/Portfolio.scala
Nov 04, 2023 7:51:25 PM org.eclipse.lsp4j.jsonrpc.RemoteEndpoint handleCancellation
WARNING: Unmatched cancel notification for request id 7540
Nov 04, 2023 7:51:32 PM org.eclipse.lsp4j.jsonrpc.RemoteEndpoint handleCancellation
WARNING: Unmatched cancel notification for request id 7547
Nov 04, 2023 7:51:37 PM org.eclipse.lsp4j.jsonrpc.RemoteEndpoint handleCancellation
WARNING: Unmatched cancel notification for request id 7557
2023.11.04 19:51:58 WARN  no build target for: /Users/acabase/coincap-backend/app/models/repo/PortfolioRepo.scala
Nov 04, 2023 7:51:58 PM org.eclipse.lsp4j.jsonrpc.RemoteEndpoint handleCancellation
WARNING: Unmatched cancel notification for request id 7570
Nov 04, 2023 7:51:58 PM org.eclipse.lsp4j.jsonrpc.RemoteEndpoint handleCancellation
WARNING: Unmatched cancel notification for request id 7578
Nov 04, 2023 7:51:58 PM org.eclipse.lsp4j.jsonrpc.RemoteEndpoint handleCancellation
WARNING: Unmatched cancel notification for request id 7589
Nov 04, 2023 7:51:58 PM org.eclipse.lsp4j.jsonrpc.RemoteEndpoint handleCancellation
WARNING: Unmatched cancel notification for request id 7588
2023.11.04 19:51:58 WARN  no build target for: /Users/acabase/coincap-backend/app/controllers/HomeController.scala
Nov 04, 2023 7:52:23 PM org.eclipse.lsp4j.jsonrpc.RemoteEndpoint handleCancellation
WARNING: Unmatched cancel notification for request id 7606
2023.11.04 19:57:23 WARN  no build target for: /Users/acabase/coincap-backend/app/controllers/HomeController.scala
Nov 04, 2023 8:04:16 PM org.eclipse.lsp4j.jsonrpc.RemoteEndpoint handleCancellation
WARNING: Unmatched cancel notification for request id 7669
2023.11.04 20:04:23 WARN  no build target for: /Users/acabase/coincap-backend/app/controllers/HomeController.scala
Nov 04, 2023 8:08:18 PM org.eclipse.lsp4j.jsonrpc.RemoteEndpoint handleCancellation
WARNING: Unmatched cancel notification for request id 7738
Nov 04, 2023 8:08:36 PM org.eclipse.lsp4j.jsonrpc.RemoteEndpoint handleCancellation
WARNING: Unmatched cancel notification for request id 7795
Nov 04, 2023 8:09:44 PM org.eclipse.lsp4j.jsonrpc.RemoteEndpoint handleCancellation
WARNING: Unmatched cancel notification for request id 8037
2023.11.04 20:09:50 WARN  no build target for: /Users/acabase/coincap-backend/app/controllers/HomeController.scala
Nov 04, 2023 8:10:14 PM org.eclipse.lsp4j.jsonrpc.RemoteEndpoint handleCancellation
WARNING: Unmatched cancel notification for request id 8086
2023.11.04 20:10:16 WARN  no build target for: /Users/acabase/coincap-backend/app/controllers/HomeController.scala
2023.11.04 20:14:02 WARN  no build target for: /Users/acabase/coincap-backend/app/controllers/HomeController.scala
Nov 04, 2023 8:23:28 PM org.eclipse.lsp4j.jsonrpc.RemoteEndpoint handleCancellation
WARNING: Unmatched cancel notification for request id 8230
Nov 04, 2023 8:24:17 PM org.eclipse.lsp4j.jsonrpc.RemoteEndpoint handleCancellation
WARNING: Unmatched cancel notification for request id 8248
Nov 04, 2023 8:24:18 PM org.eclipse.lsp4j.jsonrpc.RemoteEndpoint handleCancellation
WARNING: Unmatched cancel notification for request id 8247
2023.11.04 20:24:37 WARN  no build target for: /Users/acabase/coincap-backend/app/controllers/HomeController.scala
2023.11.04 20:25:08 WARN  no build target for: /Users/acabase/coincap-backend/app/models/domain/Portfolio.scala
2023.11.04 20:25:37 WARN  no build target for: /Users/acabase/coincap-backend/app/models/repo/PortfolioRepo.scala
2023.11.04 20:27:38 WARN  no build target for: /Users/acabase/coincap-backend/app/controllers/HomeController.scala
Nov 04, 2023 8:27:59 PM org.eclipse.lsp4j.jsonrpc.RemoteEndpoint handleCancellation
WARNING: Unmatched cancel notification for request id 8385
Nov 04, 2023 8:28:32 PM org.eclipse.lsp4j.jsonrpc.RemoteEndpoint handleCancellation
WARNING: Unmatched cancel notification for request id 8452
Nov 04, 2023 8:28:42 PM org.eclipse.lsp4j.jsonrpc.RemoteEndpoint handleCancellation
WARNING: Unmatched cancel notification for request id 8484
2023.11.04 20:29:26 WARN  no build target for: /Users/acabase/coincap-backend/app/controllers/HomeController.scala
2023.11.04 20:33:30 WARN  no build target for: /Users/acabase/coincap-backend/app/controllers/HomeController.scala
Nov 04, 2023 8:33:49 PM org.eclipse.lsp4j.jsonrpc.RemoteEndpoint handleCancellation
WARNING: Unmatched cancel notification for request id 8587
2023.11.04 20:34:04 WARN  no build target for: /Users/acabase/coincap-backend/app/models/domain/Portfolio.scala
2023.11.04 20:34:17 WARN  no build target for: /Users/acabase/coincap-backend/app/models/repo/PortfolioRepo.scala
2023.11.04 20:34:44 WARN  no build target for: /Users/acabase/coincap-backend/app/controllers/HomeController.scala
2023.11.04 20:41:16 WARN  no build target for: /Users/acabase/coincap-backend/app/controllers/HomeController.scala
Nov 04, 2023 9:06:26 PM org.eclipse.lsp4j.jsonrpc.RemoteEndpoint handleCancellation
WARNING: Unmatched cancel notification for request id 8728
Nov 04, 2023 9:06:26 PM org.eclipse.lsp4j.jsonrpc.RemoteEndpoint handleCancellation
WARNING: Unmatched cancel notification for request id 8726
Nov 04, 2023 9:06:35 PM org.eclipse.lsp4j.jsonrpc.RemoteEndpoint handleCancellation
WARNING: Unmatched cancel notification for request id 8751
2023.11.04 21:07:14 WARN  no build target for: /Users/acabase/coincap-backend/app/controllers/HomeController.scala
2023.11.04 21:07:34 WARN  no build target for: /Users/acabase/coincap-backend/app/models/domain/Portfolio.scala
2023.11.04 21:07:43 WARN  no build target for: /Users/acabase/coincap-backend/app/models/repo/PortfolioRepo.scala
Nov 04, 2023 9:10:09 PM org.eclipse.lsp4j.jsonrpc.RemoteEndpoint handleCancellation
WARNING: Unmatched cancel notification for request id 8891
2023.11.04 21:10:17 WARN  no build target for: /Users/acabase/coincap-backend/app/controllers/HomeController.scala
2023.11.04 21:11:27 WARN  no build target for: /Users/acabase/coincap-backend/app/controllers/HomeController.scala
Exception in thread "pool-3-thread-1" java.lang.Error: java.lang.InterruptedException
	at java.util.concurrent.ThreadPoolExecutor.runWorker(ThreadPoolExecutor.java:1155)
	at java.util.concurrent.ThreadPoolExecutor$Worker.run(ThreadPoolExecutor.java:624)
	at java.lang.Thread.run(Thread.java:750)
Caused by: java.lang.InterruptedException
	at scala.meta.internal.metals.FutureCancelToken.checkCanceled(FutureCancelToken.scala:29)
	at scala.meta.internal.pc.CompilerAccess.onCompilerJobQueue$$anonfun$1(CompilerAccess.scala:230)
	at scala.meta.internal.pc.CompilerJobQueue$Job.run(CompilerJobQueue.scala:152)
	at java.util.concurrent.ThreadPoolExecutor.runWorker(ThreadPoolExecutor.java:1149)
	... 2 more
2023.11.04 21:46:19 WARN  no build target for: /Users/acabase/coincap-backend/build.sbt
2023.11.04 21:50:45 WARN  no build target for: /Users/acabase/coincap-backend/build.sbt
2023.11.04 21:50:54 WARN  no build target for: /Users/acabase/coincap-backend/build.sbt
Nov 04, 2023 9:51:19 PM org.eclipse.lsp4j.jsonrpc.RemoteEndpoint handleCancellation
WARNING: Unmatched cancel notification for request id 9081
Nov 04, 2023 9:51:19 PM org.eclipse.lsp4j.jsonrpc.RemoteEndpoint handleCancellation
WARNING: Unmatched cancel notification for request id 9085
Nov 04, 2023 9:51:21 PM org.eclipse.lsp4j.jsonrpc.RemoteEndpoint handleCancellation
WARNING: Unmatched cancel notification for request id 9089
Nov 04, 2023 9:51:54 PM org.eclipse.lsp4j.jsonrpc.RemoteEndpoint handleCancellation
WARNING: Unmatched cancel notification for request id 9149
Nov 04, 2023 9:51:54 PM org.eclipse.lsp4j.jsonrpc.RemoteEndpoint handleCancellation
WARNING: Unmatched cancel notification for request id 9150
Nov 04, 2023 9:51:54 PM org.eclipse.lsp4j.jsonrpc.RemoteEndpoint handleCancellation
WARNING: Unmatched cancel notification for request id 9153
2023.11.04 21:52:10 WARN  no build target for: /Users/acabase/coincap-backend/app/controllers/HomeController.scala
2023.11.04 21:52:39 WARN  no build target for: /Users/acabase/coincap-backend/app/controllers/HomeController.scala
2023.11.04 21:54:33 WARN  no build target for: /Users/acabase/coincap-backend/build.sbt
Nov 04, 2023 9:55:16 PM org.eclipse.lsp4j.jsonrpc.RemoteEndpoint handleCancellation
WARNING: Unmatched cancel notification for request id 9248
Nov 04, 2023 9:55:22 PM org.eclipse.lsp4j.jsonrpc.RemoteEndpoint handleCancellation
WARNING: Unmatched cancel notification for request id 9265
2023.11.04 21:55:31 WARN  no build target for: /Users/acabase/coincap-backend/app/controllers/HomeController.scala
Nov 04, 2023 10:02:04 PM org.eclipse.lsp4j.jsonrpc.RemoteEndpoint handleCancellation
WARNING: Unmatched cancel notification for request id 9378
2023.11.04 22:02:13 WARN  no build target for: /Users/acabase/coincap-backend/app/models/domain/Coincap.scala
2023.11.04 22:02:13 WARN  no build target for: /Users/acabase/coincap-backend/app/models/domain/Coincap.scala
Nov 04, 2023 10:04:22 PM org.eclipse.lsp4j.jsonrpc.RemoteEndpoint handleCancellation
WARNING: Unmatched cancel notification for request id 9421
Nov 04, 2023 10:04:22 PM org.eclipse.lsp4j.jsonrpc.RemoteEndpoint handleCancellation
WARNING: Unmatched cancel notification for request id 9423
2023.11.04 22:04:32 WARN  no build target for: /Users/acabase/coincap-backend/app/controllers/HomeController.scala
Nov 04, 2023 10:25:18 PM org.eclipse.lsp4j.jsonrpc.services.GenericEndpoint notify
INFO: Unsupported notification method: $/setTrace
Nov 05, 2023 9:03:17 AM org.eclipse.lsp4j.jsonrpc.RemoteEndpoint handleCancellation
WARNING: Unmatched cancel notification for request id 9484
Nov 05, 2023 9:03:17 AM org.eclipse.lsp4j.jsonrpc.RemoteEndpoint handleCancellation
WARNING: Unmatched cancel notification for request id 9487
Nov 05, 2023 9:03:27 AM org.eclipse.lsp4j.jsonrpc.RemoteEndpoint handleCancellation
WARNING: Unmatched cancel notification for request id 9495
Nov 05, 2023 9:03:27 AM org.eclipse.lsp4j.jsonrpc.RemoteEndpoint handleCancellation
WARNING: Unmatched cancel notification for request id 9503
Nov 05, 2023 9:03:27 AM org.eclipse.lsp4j.jsonrpc.RemoteEndpoint handleCancellation
WARNING: Unmatched cancel notification for request id 9502
Nov 05, 2023 9:03:27 AM org.eclipse.lsp4j.jsonrpc.RemoteEndpoint handleCancellation
WARNING: Unmatched cancel notification for request id 9500
Nov 05, 2023 9:03:40 AM org.eclipse.lsp4j.jsonrpc.RemoteEndpoint handleCancellation
WARNING: Unmatched cancel notification for request id 9527
Nov 05, 2023 9:03:40 AM org.eclipse.lsp4j.jsonrpc.RemoteEndpoint handleCancellation
WARNING: Unmatched cancel notification for request id 9531
Nov 05, 2023 9:04:23 AM org.eclipse.lsp4j.jsonrpc.RemoteEndpoint handleCancellation
WARNING: Unmatched cancel notification for request id 9553
Nov 05, 2023 9:04:48 AM org.eclipse.lsp4j.jsonrpc.RemoteEndpoint handleCancellation
WARNING: Unmatched cancel notification for request id 9624
Nov 05, 2023 9:05:27 AM org.eclipse.lsp4j.jsonrpc.RemoteEndpoint handleCancellation
WARNING: Unmatched cancel notification for request id 9766
Nov 05, 2023 9:05:51 AM org.eclipse.lsp4j.jsonrpc.RemoteEndpoint handleCancellation
WARNING: Unmatched cancel notification for request id 9833
2023.11.05 09:06:24 WARN  no build target for: /Users/acabase/coincap-backend/app/controllers/HomeController.scala
Nov 05, 2023 9:16:51 AM org.eclipse.lsp4j.jsonrpc.RemoteEndpoint handleCancellation
WARNING: Unmatched cancel notification for request id 9884
2023.11.05 09:17:05 WARN  no build target for: /Users/acabase/coincap-backend/app/controllers/HomeController.scala
2023.11.05 09:17:11 WARN  no build target for: /Users/acabase/coincap-backend/app/controllers/HomeController.scala
2023.11.05 09:17:18 WARN  no build target for: /Users/acabase/coincap-backend/app/controllers/HomeController.scala
2023.11.05 09:30:47 WARN  no build target for: /Users/acabase/coincap-backend/app/models/repo/PortfolioRepo.scala
2023.11.05 09:31:41 WARN  no build target for: /Users/acabase/coincap-backend/app/models/repo/PortfolioRepo.scala
2023.11.05 09:35:51 WARN  Using indexes to guess the definition of portfolios
2023.11.05 09:35:58 WARN  no build target for: /Users/acabase/coincap-backend/app/models/repo/PortfolioRepo.scala
2023.11.05 09:37:58 WARN  no build target for: /Users/acabase/coincap-backend/app/controllers/HomeController.scala
Nov 05, 2023 9:38:49 AM org.eclipse.lsp4j.jsonrpc.RemoteEndpoint handleCancellation
WARNING: Unmatched cancel notification for request id 10114
2023.11.05 09:38:50 WARN  no build target for: /Users/acabase/coincap-backend/app/models/repo/PortfolioRepo.scala
2023.11.05 09:39:19 WARN  no build target for: /Users/acabase/coincap-backend/app/models/repo/PortfolioRepo.scala
Nov 05, 2023 9:41:24 AM org.eclipse.lsp4j.jsonrpc.RemoteEndpoint handleCancellation
WARNING: Unmatched cancel notification for request id 10144
2023.11.05 09:41:38 WARN  no build target for: /Users/acabase/coincap-backend/app/controllers/HomeController.scala
2023.11.05 09:41:39 WARN  no build target for: /Users/acabase/coincap-backend/app/controllers/HomeController.scala
2023.11.05 09:44:24 WARN  no build target for: /Users/acabase/coincap-backend/app/controllers/HomeController.scala
2023.11.05 09:44:50 WARN  no build target for: /Users/acabase/coincap-backend/app/controllers/HomeController.scala
2023.11.05 09:45:02 WARN  no build target for: /Users/acabase/coincap-backend/app/controllers/HomeController.scala
2023.11.05 09:46:32 WARN  no build target for: /Users/acabase/coincap-backend/app/controllers/HomeController.scala
2023.11.05 09:48:09 WARN  no build target for: /Users/acabase/coincap-backend/app/controllers/HomeController.scala
2023.11.05 09:52:13 WARN  no build target for: /Users/acabase/coincap-backend/app/controllers/HomeController.scala
2023.11.05 09:59:50 WARN  no build target for: /Users/acabase/coincap-backend/build.sbt
2023.11.05 10:11:15 INFO  Shutting down server
2023.11.05 10:11:15 INFO  shutting down Metals
2023.11.05 10:12:32 INFO  Started: Metals version 1.1.0 in folders '/Users/acabase/coincap-backend' for client Visual Studio Code 1.81.1.
2023.11.05 10:12:41 ERROR Unexpected error initializing server: 
scala.concurrent.Future$$anon$2: Future.filter predicate is not satisfied

2023.11.05 10:12:58 INFO  no build target found for /Users/acabase/coincap-backend/app/controllers/HomeController.scala. Using presentation compiler with project's scala-library version: 3.3.1
2023.11.05 10:20:35 WARN  no build target for: /Users/acabase/coincap-backend/app/models/repo/PortfolioRepo.scala
2023.11.05 10:20:51 WARN  no build target for: /Users/acabase/coincap-backend/app/models/repo/PortfolioRepo.scala
2023.11.05 10:20:56 WARN  no build target for: /Users/acabase/coincap-backend/app/models/repo/PortfolioRepo.scala
Nov 05, 2023 10:21:11 AM org.eclipse.lsp4j.jsonrpc.RemoteEndpoint handleCancellation
WARNING: Unmatched cancel notification for request id 335
2023.11.05 10:21:25 WARN  no build target for: /Users/acabase/coincap-backend/app/models/repo/PortfolioRepo.scala
2023.11.05 10:21:26 WARN  no build target for: /Users/acabase/coincap-backend/app/models/repo/PortfolioRepo.scala
2023.11.05 10:22:33 WARN  no build target for: /Users/acabase/coincap-backend/app/controllers/HomeController.scala
2023.11.05 10:23:40 WARN  no build target for: /Users/acabase/coincap-backend/app/models/repo/PortfolioRepo.scala
2023.11.05 10:26:20 WARN  no build target for: /Users/acabase/coincap-backend/app/controllers/HomeController.scala
2023.11.05 10:28:01 WARN  no build target for: /Users/acabase/coincap-backend/app/controllers/HomeController.scala
Nov 05, 2023 10:28:14 AM org.eclipse.lsp4j.jsonrpc.RemoteEndpoint handleCancellation
WARNING: Unmatched cancel notification for request id 798
2023.11.05 10:30:25 WARN  no build target for: /Users/acabase/coincap-backend/app/models/repo/PortfolioRepo.scala
2023.11.05 10:30:37 WARN  no build target for: /Users/acabase/coincap-backend/app/controllers/HomeController.scala
2023.11.05 10:31:23 WARN  no build target for: /Users/acabase/coincap-backend/app/controllers/HomeController.scala
2023.11.05 10:32:03 WARN  no build target for: /Users/acabase/coincap-backend/app/models/repo/PortfolioRepo.scala
Nov 05, 2023 10:32:41 AM org.eclipse.lsp4j.jsonrpc.RemoteEndpoint handleCancellation
WARNING: Unmatched cancel notification for request id 988
2023.11.05 10:32:49 WARN  no build target for: /Users/acabase/coincap-backend/app/models/repo/PortfolioRepo.scala
2023.11.05 10:33:29 WARN  no build target for: /Users/acabase/coincap-backend/app/models/repo/PortfolioRepo.scala
2023.11.05 10:34:10 WARN  no build target for: /Users/acabase/coincap-backend/app/models/repo/PortfolioRepo.scala
2023.11.05 10:34:34 WARN  no build target for: /Users/acabase/coincap-backend/app/controllers/HomeController.scala
2023.11.05 10:34:42 WARN  no build target for: /Users/acabase/coincap-backend/app/controllers/HomeController.scala
2023.11.05 10:34:46 WARN  no build target for: /Users/acabase/coincap-backend/app/controllers/HomeController.scala
2023.11.05 10:36:06 WARN  no build target for: /Users/acabase/coincap-backend/app/models/repo/PortfolioRepo.scala
2023.11.05 10:36:30 WARN  no build target for: /Users/acabase/coincap-backend/app/models/repo/PortfolioRepo.scala
2023.11.05 10:36:53 WARN  no build target for: /Users/acabase/coincap-backend/app/models/repo/PortfolioRepo.scala
2023.11.05 11:10:01 WARN  no build target for: /Users/acabase/coincap-backend/app/controllers/HomeController.scala
Nov 05, 2023 11:11:52 AM org.eclipse.lsp4j.jsonrpc.RemoteEndpoint handleCancellation
WARNING: Unmatched cancel notification for request id 1331
2023.11.06 08:25:15 INFO  Started: Metals version 1.1.0 in folders '/Users/acabase/Downloads/New Folder With Items/coincap-backend' for client Visual Studio Code 1.74.3.
2023.11.06 08:25:25 ERROR Unexpected error initializing server: 
scala.concurrent.Future$$anon$2: Future.filter predicate is not satisfied

2023.11.06 08:25:37 INFO  no build target found for /Users/acabase/Downloads/New Folder With Items/coincap-backend/app/controllers/HomeController.scala. Using presentation compiler with project's scala-library version: 3.3.1
Nov 06, 2023 8:26:27 AM org.eclipse.lsp4j.jsonrpc.RemoteEndpoint handleCancellation
WARNING: Unmatched cancel notification for request id 16
Nov 06, 2023 8:26:50 AM org.eclipse.lsp4j.jsonrpc.RemoteEndpoint handleCancellation
WARNING: Unmatched cancel notification for request id 43
Nov 06, 2023 8:26:52 AM org.eclipse.lsp4j.jsonrpc.RemoteEndpoint handleCancellation
WARNING: Unmatched cancel notification for request id 47
Nov 06, 2023 8:26:55 AM org.eclipse.lsp4j.jsonrpc.RemoteEndpoint handleCancellation
WARNING: Unmatched cancel notification for request id 66
Nov 06, 2023 8:26:59 AM org.eclipse.lsp4j.jsonrpc.RemoteEndpoint handleCancellation
WARNING: Unmatched cancel notification for request id 76
2023.11.06 08:27:03 WARN  no build target for: /Users/acabase/Downloads/New Folder With Items/coincap-backend/app/controllers/HomeController.scala
Nov 06, 2023 8:35:43 AM org.eclipse.lsp4j.jsonrpc.RemoteEndpoint handleCancellation
WARNING: Unmatched cancel notification for request id 176
Nov 06, 2023 8:39:00 AM org.eclipse.lsp4j.jsonrpc.RemoteEndpoint handleCancellation
WARNING: Unmatched cancel notification for request id 217
Nov 06, 2023 8:45:16 AM org.eclipse.lsp4j.jsonrpc.RemoteEndpoint handleCancellation
WARNING: Unmatched cancel notification for request id 307
2023.11.06 08:45:17 WARN  Using indexes to guess the definition of assets
2023.11.06 08:46:34 WARN  no build target for: /Users/acabase/Downloads/New Folder With Items/coincap-backend/app/controllers/HomeController.scala
2023.11.06 08:46:40 WARN  no build target for: /Users/acabase/Downloads/New Folder With Items/coincap-backend/app/controllers/HomeController.scala
Nov 06, 2023 8:46:42 AM org.eclipse.lsp4j.jsonrpc.RemoteEndpoint handleCancellation
WARNING: Unmatched cancel notification for request id 605
2023.11.06 08:46:58 WARN  no build target for: /Users/acabase/Downloads/New Folder With Items/coincap-backend/app/controllers/HomeController.scala
2023.11.06 08:52:16 WARN  no build target for: /Users/acabase/Downloads/New Folder With Items/coincap-backend/app/controllers/HomeController.scala
2023.11.06 08:52:57 WARN  no build target for: /Users/acabase/Downloads/New Folder With Items/coincap-backend/app/controllers/HomeController.scala
2023.11.06 08:55:19 WARN  no build target for: /Users/acabase/Downloads/New Folder With Items/coincap-backend/app/controllers/HomeController.scala
2023.11.06 08:55:28 WARN  no build target for: /Users/acabase/Downloads/New Folder With Items/coincap-backend/app/controllers/HomeController.scala
2023.11.06 08:55:40 WARN  no build target for: /Users/acabase/Downloads/New Folder With Items/coincap-backend/app/controllers/HomeController.scala
Nov 06, 2023 8:57:26 AM org.eclipse.lsp4j.jsonrpc.RemoteEndpoint handleCancellation
WARNING: Unmatched cancel notification for request id 958
2023.11.06 08:57:58 WARN  no build target for: /Users/acabase/Downloads/New Folder With Items/coincap-backend/app/controllers/HomeController.scala
2023.11.06 08:58:24 WARN  no build target for: /Users/acabase/Downloads/New Folder With Items/coincap-backend/app/controllers/HomeController.scala
2023.11.06 08:58:42 WARN  Using indexes to guess the definition of addPortfolio
2023.11.06 08:58:42 WARN  Using indexes to guess the definition of addPortfolio
2023.11.06 09:02:10 WARN  Using indexes to guess the definition of portfolioForm
2023.11.06 09:02:10 WARN  Using indexes to guess the definition of portfolioForm
2023.11.06 09:02:38 WARN  Using indexes to guess the definition of addPortfolio
2023.11.06 09:02:39 WARN  Using indexes to guess the definition of addPortfolio
2023.11.06 09:02:40 WARN  Using indexes to guess the definition of addPortfolio
Nov 06, 2023 9:02:57 AM org.eclipse.lsp4j.jsonrpc.RemoteEndpoint handleCancellation
WARNING: Unmatched cancel notification for request id 1200
2023.11.06 09:02:58 WARN  no build target for: /Users/acabase/Downloads/New Folder With Items/coincap-backend/app/controllers/HomeController.scala
Nov 06, 2023 9:03:00 AM org.eclipse.lsp4j.jsonrpc.RemoteEndpoint handleCancellation
WARNING: Unmatched cancel notification for request id 1214
2023.11.06 09:03:03 WARN  no build target for: /Users/acabase/Downloads/New Folder With Items/coincap-backend/app/models/repo/PortfolioRepo.scala
2023.11.06 09:06:04 WARN  no build target for: /Users/acabase/Downloads/New Folder With Items/coincap-backend/app/controllers/HomeController.scala
Nov 06, 2023 9:06:06 AM org.eclipse.lsp4j.jsonrpc.RemoteEndpoint handleCancellation
WARNING: Unmatched cancel notification for request id 1318
2023.11.06 09:06:06 WARN  Using indexes to guess the definition of insert
2023.11.06 09:06:26 WARN  no build target for: /Users/acabase/Downloads/New Folder With Items/coincap-backend/app/models/repo/PortfolioRepo.scala
2023.11.06 09:06:58 WARN  no build target for: /Users/acabase/Downloads/New Folder With Items/coincap-backend/app/models/repo/PortfolioRepo.scala
2023.11.06 09:06:58 WARN  Using indexes to guess the definition of portfolios
Nov 06, 2023 9:07:12 AM org.eclipse.lsp4j.jsonrpc.RemoteEndpoint handleCancellation
WARNING: Unmatched cancel notification for request id 1433
2023.11.06 09:07:14 WARN  no build target for: /Users/acabase/Downloads/New Folder With Items/coincap-backend/app/controllers/HomeController.scala
Nov 06, 2023 9:11:01 AM org.eclipse.lsp4j.jsonrpc.RemoteEndpoint handleCancellation
WARNING: Unmatched cancel notification for request id 1513
2023.11.06 09:11:03 WARN  no build target for: /Users/acabase/Downloads/New Folder With Items/coincap-backend/app/controllers/HomeController.scala
Nov 06, 2023 9:11:49 AM org.eclipse.lsp4j.jsonrpc.RemoteEndpoint handleCancellation
WARNING: Unmatched cancel notification for request id 1572
2023.11.06 09:11:52 WARN  no build target for: /Users/acabase/Downloads/New Folder With Items/coincap-backend/app/controllers/HomeController.scala
Nov 06, 2023 9:12:46 AM org.eclipse.lsp4j.jsonrpc.RemoteEndpoint handleCancellation
WARNING: Unmatched cancel notification for request id 1595
Nov 06, 2023 9:13:09 AM org.eclipse.lsp4j.jsonrpc.RemoteEndpoint handleCancellation
WARNING: Unmatched cancel notification for request id 1660
Nov 06, 2023 9:13:09 AM org.eclipse.lsp4j.jsonrpc.RemoteEndpoint handleCancellation
WARNING: Unmatched cancel notification for request id 1665
2023.11.06 09:13:16 WARN  no build target for: /Users/acabase/Downloads/New Folder With Items/coincap-backend/app/controllers/HomeController.scala
2023.11.06 09:13:40 WARN  no build target for: /Users/acabase/Downloads/New Folder With Items/coincap-backend/app/controllers/HomeController.scala
Nov 06, 2023 9:16:18 AM org.eclipse.lsp4j.jsonrpc.RemoteEndpoint handleCancellation
WARNING: Unmatched cancel notification for request id 1750
2023.11.06 09:16:25 WARN  no build target for: /Users/acabase/Downloads/New Folder With Items/coincap-backend/app/controllers/HomeController.scala
2023.11.06 09:17:08 INFO  running '/Library/Java/JavaVirtualMachines/adoptopenjdk-8.jdk/Contents/Home/bin/java -Djline.terminal=jline.UnsupportedTerminal -Dsbt.log.noformat=true -Dfile.encoding=UTF-8 -jar /var/folders/tz/4bksmph564j0bp03kg3884wh0000gp/T/metals8266619898518908296/sbt-launch.jar -Dbloop.export-jar-classifiers=sources bloopInstall'
2023.11.06 09:17:09 WARN  no build target for: /Users/acabase/Downloads/New Folder With Items/coincap-backend/project/metals.sbt
2023.11.06 09:17:09 WARN  no build target for: /Users/acabase/Downloads/New Folder With Items/coincap-backend/project/project/metals.sbt
2023.11.06 09:17:09 INFO  skipping build import with status 'Started'
2023.11.06 09:17:23 WARN  no build target for: /Users/acabase/Downloads/New Folder With Items/coincap-backend/app/controllers/HomeController.scala
2023.11.06 09:17:33 INFO  [info] welcome to sbt 1.7.2 (AdoptOpenJDK Java 1.8.0_292)
2023.11.06 09:18:10 INFO  [info] loading settings for project coincap-backend-build-build-build from metals.sbt ...
2023.11.06 09:18:19 INFO  [info] loading project definition from /Users/acabase/Downloads/New Folder With Items/coincap-backend/project/project/project
2023.11.06 09:18:49 INFO  [info] loading settings for project coincap-backend-build-build from metals.sbt ...
2023.11.06 09:18:52 INFO  [info] loading project definition from /Users/acabase/Downloads/New Folder With Items/coincap-backend/project/project
2023.11.06 09:19:18 INFO  [success] Generated .bloop/coincap-backend-build-build.json
2023.11.06 09:19:20 INFO  [success] Total time: 26 s, completed 11 6, 23 9:19:20 AM
2023.11.06 09:19:40 INFO  [info] loading settings for project coincap-backend-build from metals.sbt,plugins.sbt ...
2023.11.06 09:19:42 INFO  [info] loading project definition from /Users/acabase/Downloads/New Folder With Items/coincap-backend/project
2023.11.06 09:20:07 INFO  [success] Generated .bloop/coincap-backend-build.json
2023.11.06 09:20:10 INFO  [success] Total time: 28 s, completed 11 6, 23 9:20:10 AM
2023.11.06 09:20:59 INFO  [info] loading settings for project root from build.sbt ...
2023.11.06 09:21:02 INFO  [info]   __              __
2023.11.06 09:21:02 INFO  [info]   \ \     ____   / /____ _ __  __
2023.11.06 09:21:02 INFO  [info]    \ \   / __ \ / // __ `// / / /
2023.11.06 09:21:02 INFO  [info]    / /  / /_/ // // /_/ // /_/ /
2023.11.06 09:21:02 INFO  [info]   /_/  / .___//_/ \__,_/ \__, /
2023.11.06 09:21:02 INFO  [info]       /_/               /____/
2023.11.06 09:21:02 INFO  [info] 
2023.11.06 09:21:02 INFO  [info] Version 2.8.20 running Java 1.8.0_292
2023.11.06 09:21:02 INFO  [info] 
2023.11.06 09:21:02 INFO  [info] Play is run entirely by the community. Please consider contributing and/or donating:
2023.11.06 09:21:02 INFO  [info] https://www.playframework.com/sponsors
2023.11.06 09:21:02 INFO  [info] 
2023.11.06 09:21:41 INFO  [success] Generated .bloop/root.json
2023.11.06 09:21:41 INFO  [success] Generated .bloop/root-test.json
2023.11.06 09:21:42 INFO  [success] Total time: 29 s, completed 11 6, 23 9:21:42 AM
2023.11.06 09:21:42 INFO  time: ran 'sbt bloopInstall' in 4m33s
2023.11.06 09:21:42 INFO  Attempting to connect to the build server...
2023.11.06 09:21:42 INFO  Bloop uses /Library/Java/JavaVirtualMachines/adoptopenjdk-8.jdk/Contents/Home defined at /Users/acabase/.bloop/bloop.json
2023.11.06 09:21:44 INFO  tracing is disabled for protocol BSP, to enable tracing of incoming and outgoing JSON messages create an empty file at /Users/acabase/Downloads/New Folder With Items/coincap-backend/.metals/bsp.trace.json or /Users/acabase/Library/Caches/org.scalameta.metals/bsp.trace.json
2023.11.06 09:21:44 INFO  Attempting to connect to the build server...
2023.11.06 09:21:44 INFO  Bloop uses /Library/Java/JavaVirtualMachines/adoptopenjdk-8.jdk/Contents/Home defined at /Users/acabase/.bloop/bloop.json
2023.11.06 09:21:44 INFO  Attempting to connect to the build server...
2023.11.06 09:21:44 INFO  Bloop uses /Library/Java/JavaVirtualMachines/adoptopenjdk-8.jdk/Contents/Home defined at /Users/acabase/.bloop/bloop.json
2023.11.06 09:21:44 INFO  tracing is disabled for protocol BSP, to enable tracing of incoming and outgoing JSON messages create an empty file at /Users/acabase/Downloads/New Folder With Items/coincap-backend/project/project/.metals/bsp.trace.json or /Users/acabase/Library/Caches/org.scalameta.metals/bsp.trace.json
2023.11.06 09:21:44 INFO  tracing is disabled for protocol BSP, to enable tracing of incoming and outgoing JSON messages create an empty file at /Users/acabase/Downloads/New Folder With Items/coincap-backend/project/.metals/bsp.trace.json or /Users/acabase/Library/Caches/org.scalameta.metals/bsp.trace.json
2023.11.06 09:21:44 INFO  time: Connected to build server in 2.39s
2023.11.06 09:21:45 INFO  Connected to Build server: Bloop v1.5.8
2023.11.06 09:21:45 INFO  time: Imported build in 0.46s
2023.11.06 09:22:55 INFO  time: indexed workspace in 1m10s
2023.11.06 09:22:56 INFO  compiling root (8 scala sources and 1 java source)
2023.11.06 09:23:13 INFO  time: compiled root in 17s
2023.11.06 09:23:15 INFO  time: code lens generation in 1.43s
2023.11.06 09:23:15 INFO  time: code lens generation in 1.48s
2023.11.06 09:23:15 INFO  time: code lens generation in 1.68s
2023.11.06 09:23:16 INFO  time: code lens generation in 1.53s
2023.11.06 09:23:16 INFO  time: code lens generation in 1.96s
2023.11.06 09:23:16 INFO  time: code lens generation in 1.52s
2023.11.06 09:23:16 INFO  time: code lens generation in 1.51s
2023.11.06 09:23:16 INFO  time: code lens generation in 1.52s
2023.11.06 09:23:16 INFO  time: code lens generation in 1.54s
2023.11.06 09:23:16 INFO  time: code lens generation in 1.76s
2023.11.06 09:23:16 INFO  time: code lens generation in 1.54s
2023.11.06 09:23:16 INFO  time: code lens generation in 1.49s
2023.11.06 09:23:16 INFO  time: code lens generation in 1.76s
2023.11.06 09:23:16 INFO  time: code lens generation in 1.52s
2023.11.06 09:23:16 INFO  time: code lens generation in 1.5s
2023.11.06 09:23:16 INFO  time: code lens generation in 1.54s
2023.11.06 09:23:16 INFO  time: code lens generation in 1.84s
2023.11.06 09:23:16 INFO  time: code lens generation in 1.3s
2023.11.06 09:23:16 INFO  time: code lens generation in 1.53s
2023.11.06 09:23:16 INFO  time: code lens generation in 1.54s
2023.11.06 09:23:16 INFO  time: code lens generation in 1.52s
2023.11.06 09:23:16 INFO  time: code lens generation in 1.53s
2023.11.06 09:23:16 INFO  time: code lens generation in 1.49s
2023.11.06 09:23:16 INFO  time: code lens generation in 1.84s
2023.11.06 09:23:16 INFO  time: code lens generation in 1.53s
2023.11.06 09:23:16 INFO  time: code lens generation in 1.98s
2023.11.06 09:23:16 INFO  time: code lens generation in 1.83s
2023.11.06 09:23:16 INFO  time: code lens generation in 1.8s
2023.11.06 09:23:16 INFO  time: code lens generation in 1.98s
2023.11.06 09:23:16 INFO  time: code lens generation in 1.83s
2023.11.06 09:23:16 INFO  time: code lens generation in 1.85s
2023.11.06 09:23:16 INFO  time: code lens generation in 1.77s
2023.11.06 09:23:16 INFO  time: code lens generation in 1.32s
2023.11.06 09:23:16 INFO  time: code lens generation in 1.85s
2023.11.06 09:23:15 INFO  time: code lens generation in 1.8s
2023.11.06 09:23:15 INFO  time: code lens generation in 1.86s
2023.11.06 09:23:15 INFO  time: code lens generation in 1.8s
2023.11.06 09:23:15 INFO  time: code lens generation in 1.77s
2023.11.06 09:23:15 INFO  time: code lens generation in 1.98s
2023.11.06 09:23:16 INFO  time: code lens generation in 1.85s
2023.11.06 09:23:16 INFO  time: code lens generation in 1.54s
2023.11.06 09:23:16 INFO  time: code lens generation in 1.56s
2023.11.06 09:23:16 INFO  time: code lens generation in 1.54s
2023.11.06 09:23:16 INFO  time: code lens generation in 1.61s
2023.11.06 09:23:16 INFO  time: code lens generation in 1.56s
2023.11.06 09:23:16 INFO  time: code lens generation in 1.59s
2023.11.06 09:23:16 INFO  time: code lens generation in 1.92s
2023.11.06 09:23:16 INFO  time: code lens generation in 1.38s
2023.11.06 09:23:16 INFO  time: code lens generation in 1.58s
2023.11.06 09:23:16 INFO  time: code lens generation in 1.89s
2023.11.06 09:23:16 INFO  time: code lens generation in 1.9s
2023.11.06 09:23:16 INFO  time: code lens generation in 1.92s
2023.11.06 09:23:16 INFO  time: code lens generation in 1.89s
2023.11.06 09:23:16 INFO  time: code lens generation in 1.57s
2023.11.06 09:23:16 INFO  time: code lens generation in 1.89s
2023.11.06 09:23:16 INFO  time: code lens generation in 1.91s
2023.11.06 09:23:16 INFO  time: code lens generation in 1.91s
2023.11.06 09:23:16 INFO  time: code lens generation in 1.61s
2023.11.06 09:23:16 INFO  time: code lens generation in 1.61s
2023.11.06 09:23:16 INFO  time: code lens generation in 1.6s
2023.11.06 09:23:16 INFO  time: code lens generation in 1.59s
2023.11.06 09:23:16 INFO  time: code lens generation in 1.91s
2023.11.06 09:23:16 INFO  time: code lens generation in 1.57s
2023.11.06 09:23:16 INFO  time: code lens generation in 1.57s
2023.11.06 09:23:16 INFO  time: code lens generation in 1.58s
2023.11.06 09:23:16 INFO  time: code lens generation in 1.57s
2023.11.06 09:23:16 INFO  time: code lens generation in 1.58s
2023.11.06 09:23:16 INFO  time: code lens generation in 1.9s
2023.11.06 09:23:16 INFO  time: code lens generation in 1.56s
2023.11.06 09:23:16 INFO  time: code lens generation in 1.58s
2023.11.06 09:23:16 INFO  time: code lens generation in 1.9s
2023.11.06 09:23:16 INFO  time: code lens generation in 1.84s
2023.11.06 09:23:16 INFO  time: code lens generation in 1.59s
2023.11.06 09:23:16 INFO  time: code lens generation in 1.55s
2023.11.06 09:23:16 INFO  time: code lens generation in 1.57s
2023.11.06 09:23:16 INFO  time: code lens generation in 1.6s
2023.11.06 09:23:16 INFO  time: code lens generation in 1.57s
2023.11.06 09:23:16 INFO  time: code lens generation in 1.55s
2023.11.06 09:23:16 INFO  time: code lens generation in 1.56s
2023.11.06 09:23:16 INFO  time: code lens generation in 1.58s
2023.11.06 09:23:16 INFO  time: code lens generation in 1.58s
2023.11.06 09:23:16 INFO  time: code lens generation in 1.53s
2023.11.06 09:23:16 INFO  time: code lens generation in 1.63s
2023.11.06 09:23:16 INFO  time: code lens generation in 1.56s
2023.11.06 09:23:16 INFO  time: code lens generation in 1.62s
2023.11.06 09:23:16 INFO  time: code lens generation in 1.59s
2023.11.06 09:23:16 INFO  time: code lens generation in 1.53s
2023.11.06 09:23:16 INFO  time: code lens generation in 1.88s
2023.11.06 09:23:16 INFO  time: code lens generation in 1.58s
2023.11.06 09:23:16 INFO  time: code lens generation in 1.6s
2023.11.06 09:23:16 INFO  time: code lens generation in 1.9s
2023.11.06 09:23:16 INFO  time: code lens generation in 1.6s
2023.11.06 09:23:16 INFO  time: code lens generation in 1.87s
2023.11.06 09:23:16 INFO  time: code lens generation in 1.6s
2023.11.06 09:23:16 INFO  time: code lens generation in 2.06s
2023.11.06 09:23:16 INFO  time: code lens generation in 2.06s
2023.11.06 09:23:16 INFO  time: code lens generation in 1.73s
2023.11.06 09:23:16 INFO  time: code lens generation in 2.06s
2023.11.06 09:23:16 INFO  time: code lens generation in 1.74s
2023.11.06 09:23:16 INFO  time: code lens generation in 1.76s
2023.11.06 09:23:16 INFO  time: code lens generation in 1.76s
2023.11.06 09:23:16 INFO  time: code lens generation in 1.75s
2023.11.06 09:23:16 INFO  time: code lens generation in 1.76s
2023.11.06 09:23:16 INFO  time: code lens generation in 2.06s
2023.11.06 09:23:16 INFO  time: code lens generation in 1.77s
2023.11.06 09:23:16 INFO  time: code lens generation in 1.75s
2023.11.06 09:23:16 INFO  time: code lens generation in 1.79s
2023.11.06 09:23:16 INFO  time: code lens generation in 1.77s
2023.11.06 09:23:16 INFO  time: code lens generation in 2.07s
2023.11.06 09:23:16 INFO  time: code lens generation in 1.76s
2023.11.06 09:23:16 INFO  time: code lens generation in 1.77s
2023.11.06 09:23:16 INFO  time: code lens generation in 1.76s
2023.11.06 09:23:16 INFO  time: code lens generation in 2.06s
2023.11.06 09:23:16 INFO  time: code lens generation in 2.21s
2023.11.06 09:23:16 INFO  time: code lens generation in 2.03s
2023.11.06 09:23:16 INFO  time: code lens generation in 1.78s
2023.11.06 09:23:16 INFO  time: code lens generation in 1.77s
2023.11.06 09:23:16 INFO  time: code lens generation in 2.03s
2023.11.06 09:23:16 INFO  time: code lens generation in 1.82s
2023.11.06 09:23:16 INFO  time: code lens generation in 1.84s
2023.11.06 09:23:16 INFO  time: code lens generation in 1.81s
2023.11.06 09:23:16 INFO  time: code lens generation in 1.8s
2023.11.06 09:23:16 INFO  time: code lens generation in 1.79s
2023.11.06 09:23:16 INFO  time: code lens generation in 1.8s
2023.11.06 09:23:16 INFO  time: code lens generation in 2.05s
2023.11.06 09:23:16 INFO  time: code lens generation in 2.04s
2023.11.06 09:23:16 INFO  time: code lens generation in 2.07s
2023.11.06 09:23:16 INFO  time: code lens generation in 1.83s
2023.11.06 09:23:16 INFO  time: code lens generation in 1.8s
2023.11.06 09:23:16 INFO  time: code lens generation in 1.78s
2023.11.06 09:23:16 INFO  time: code lens generation in 1.78s
2023.11.06 09:23:16 INFO  time: code lens generation in 1.78s
2023.11.06 09:23:16 INFO  time: code lens generation in 2.11s
2023.11.06 09:23:16 INFO  compiling root (8 scala sources and 1 java source)
2023.11.06 09:23:25 INFO  time: compiled root in 8.98s
2023.11.06 09:23:26 INFO  compiling root (8 scala sources and 1 java source)
2023.11.06 09:23:33 INFO  time: compiled root in 6.04s
2023.11.06 09:26:06 INFO  compiling root (4 scala sources)
2023.11.06 09:26:14 INFO  time: compiled root in 8.43s
2023.11.06 09:27:27 INFO  compiling root (8 scala sources and 1 java source)
2023.11.06 09:27:36 INFO  time: compiled root in 8.76s
2023.11.06 09:27:36 INFO  compiling root (8 scala sources and 1 java source)
2023.11.06 09:27:43 INFO  time: compiled root in 6.95s
2023.11.06 09:30:20 INFO  compiling root (8 scala sources and 1 java source)
Exception in thread "pool-5-thread-1" java.lang.Error: java.lang.InterruptedException
	at java.util.concurrent.ThreadPoolExecutor.runWorker(ThreadPoolExecutor.java:1155)
	at java.util.concurrent.ThreadPoolExecutor$Worker.run(ThreadPoolExecutor.java:624)
	at java.lang.Thread.run(Thread.java:748)
Caused by: java.lang.InterruptedException
	at scala.meta.internal.metals.FutureCancelToken.checkCanceled(FutureCancelToken.scala:29)
	at scala.meta.internal.pc.CompilerAccess.$anonfun$onCompilerJobQueue$1(CompilerAccess.scala:230)
	at scala.meta.internal.pc.CompilerJobQueue$Job.run(CompilerJobQueue.scala:152)
	at java.util.concurrent.ThreadPoolExecutor.runWorker(ThreadPoolExecutor.java:1149)
	... 2 more
2023.11.06 09:30:23 INFO  time: compiled root in 2.99s
2023.11.06 09:31:11 INFO  compiling root (8 scala sources and 1 java source)
2023.11.06 09:31:13 INFO  time: compiled root in 2.48s
2023.11.06 09:32:06 INFO  compiling root (8 scala sources and 1 java source)
2023.11.06 09:32:15 INFO  time: compiled root in 9.3s
2023.11.06 09:32:15 INFO  compiling root (8 scala sources and 1 java source)
2023.11.06 09:32:20 INFO  time: compiled root in 5.31s
2023.11.06 09:32:58 INFO  compiling root (8 scala sources and 1 java source)
2023.11.06 09:33:08 INFO  time: compiled root in 9.76s
2023.11.06 09:33:08 INFO  compiling root (8 scala sources and 1 java source)
Nov 06, 2023 9:33:14 AM org.eclipse.lsp4j.jsonrpc.RemoteEndpoint handleCancellation
WARNING: Unmatched cancel notification for request id 2081
Nov 06, 2023 9:33:15 AM org.eclipse.lsp4j.jsonrpc.RemoteEndpoint handleCancellation
WARNING: Unmatched cancel notification for request id 2085
2023.11.06 09:33:17 INFO  time: compiled root in 8.31s
2023.11.06 09:33:32 INFO  compiling root (8 scala sources and 1 java source)
Nov 06, 2023 9:33:40 AM org.eclipse.lsp4j.jsonrpc.RemoteEndpoint handleCancellation
WARNING: Unmatched cancel notification for request id 2108
2023.11.06 09:33:42 INFO  time: compiled root in 10s
2023.11.06 09:34:15 INFO  compiling root (8 scala sources and 1 java source)
2023.11.06 09:34:24 INFO  time: compiled root in 8.74s
2023.11.06 09:37:40 INFO  compiling root (8 scala sources and 1 java source)
2023.11.06 09:37:49 INFO  time: compiled root in 8.77s
2023.11.06 09:37:54 INFO  compiling root (8 scala sources and 1 java source)
2023.11.06 09:38:01 INFO  time: compiled root in 6.91s
2023.11.06 09:38:01 INFO  compiling root (8 scala sources and 1 java source)
2023.11.06 09:38:10 INFO  time: compiled root in 8.83s
2023.11.06 09:42:23 INFO  time: code lens generation in 20s
2023.11.06 09:42:23 INFO  time: code lens generation in 18s
2023.11.06 09:42:23 INFO  time: code lens generation in 20s
Nov 06, 2023 9:42:23 AM org.eclipse.lsp4j.jsonrpc.RemoteEndpoint handleCancellation
WARNING: Unmatched cancel notification for request id 2275
Nov 06, 2023 9:42:23 AM org.eclipse.lsp4j.jsonrpc.RemoteEndpoint handleCancellation
WARNING: Unmatched cancel notification for request id 2274
Nov 06, 2023 9:42:23 AM org.eclipse.lsp4j.jsonrpc.RemoteEndpoint handleCancellation
WARNING: Unmatched cancel notification for request id 2276
Nov 06, 2023 9:42:23 AM org.eclipse.lsp4j.jsonrpc.RemoteEndpoint handleCancellation
WARNING: Unmatched cancel notification for request id 2279
2023.11.06 09:43:27 INFO  compiling root (8 scala sources and 1 java source)
2023.11.06 09:43:36 INFO  time: compiled root in 8.8s
2023.11.06 09:43:36 INFO  compiling root (8 scala sources and 1 java source)
2023.11.06 09:43:42 INFO  time: compiled root in 5.77s
2023.11.06 09:45:12 INFO  skipping build import with status 'Installed'
2023.11.06 09:47:04 INFO  compiling root (8 scala sources and 1 java source)
2023.11.06 09:47:12 INFO  time: compiled root in 7.76s
2023.11.06 09:48:52 INFO  compiling root (8 scala sources and 1 java source)
Nov 06, 2023 9:48:59 AM org.eclipse.lsp4j.jsonrpc.RemoteEndpoint handleCancellation
WARNING: Unmatched cancel notification for request id 2439
2023.11.06 09:49:01 INFO  time: compiled root in 9.31s
2023.11.06 09:49:04 INFO  compiling root (8 scala sources and 1 java source)
2023.11.06 09:49:06 INFO  time: compiled root in 1.86s
Nov 06, 2023 9:49:56 AM org.eclipse.lsp4j.jsonrpc.RemoteEndpoint handleCancellation
WARNING: Unmatched cancel notification for request id 2486
Nov 06, 2023 9:50:02 AM org.eclipse.lsp4j.jsonrpc.RemoteEndpoint handleCancellation
WARNING: Unmatched cancel notification for request id 2492
Nov 06, 2023 9:50:28 AM org.eclipse.lsp4j.jsonrpc.RemoteEndpoint handleCancellation
WARNING: Unmatched cancel notification for request id 2584
Nov 06, 2023 9:50:44 AM org.eclipse.lsp4j.jsonrpc.RemoteEndpoint handleCancellation
WARNING: Unmatched cancel notification for request id 2631
2023.11.06 09:50:48 INFO  compiling root (8 scala sources and 1 java source)
2023.11.06 09:50:50 INFO  time: compiled root in 2.22s
2023.11.06 09:51:04 INFO  compiling root (8 scala sources and 1 java source)
Nov 06, 2023 9:51:05 AM org.eclipse.lsp4j.jsonrpc.RemoteEndpoint handleCancellation
WARNING: Unmatched cancel notification for request id 2695
2023.11.06 09:51:04 INFO  time: compiled root in 0.93s
2023.11.06 09:51:05 INFO  compiling root (8 scala sources and 1 java source)
2023.11.06 09:51:12 INFO  time: compiled root in 7.16s
Nov 06, 2023 9:52:21 AM org.eclipse.lsp4j.jsonrpc.RemoteEndpoint handleCancellation
WARNING: Unmatched cancel notification for request id 2713
2023.11.06 09:54:24 INFO  compiling root (8 scala sources and 1 java source)
2023.11.06 09:54:32 INFO  time: compiled root in 7.87s
2023.11.06 09:54:32 INFO  compiling root (8 scala sources and 1 java source)
2023.11.06 09:54:37 INFO  time: compiled root in 4.34s
2023.11.06 09:55:45 INFO  compiling root (8 scala sources and 1 java source)
2023.11.06 09:56:12 INFO  time: compiled root in 26s
2023.11.06 09:56:52 INFO  compiling root (8 scala sources and 1 java source)
2023.11.06 09:57:02 INFO  time: compiled root in 9.73s
2023.11.06 09:57:45 INFO  compiling root (8 scala sources and 1 java source)
2023.11.06 09:57:49 INFO  time: compiled root in 3.37s
2023.11.06 09:57:49 WARN  Using indexes to guess the definition of insert
2023.11.06 09:57:50 INFO  compiling root (8 scala sources and 1 java source)
2023.11.06 09:57:52 INFO  time: compiled root in 1.85s
2023.11.06 09:58:14 INFO  compiling root (8 scala sources and 1 java source)
2023.11.06 09:58:16 INFO  time: compiled root in 2.5s
Nov 06, 2023 9:58:23 AM scala.meta.internal.pc.CompilerAccess retryWithCleanCompiler
INFO: compiler crashed due to an error in the Scala compiler, retrying with new compiler instance.
Nov 06, 2023 9:58:41 AM org.eclipse.lsp4j.jsonrpc.RemoteEndpoint handleCancellation
WARNING: Unmatched cancel notification for request id 2862
2023.11.06 09:58:54 INFO  compiling root (8 scala sources and 1 java source)
2023.11.06 09:59:04 INFO  time: compiled root in 9.93s
Nov 06, 2023 9:59:20 AM org.eclipse.lsp4j.jsonrpc.RemoteEndpoint handleCancellation
WARNING: Unmatched cancel notification for request id 2919
Nov 06, 2023 9:59:22 AM org.eclipse.lsp4j.jsonrpc.RemoteEndpoint handleCancellation
WARNING: Unmatched cancel notification for request id 2921
2023.11.06 09:59:27 INFO  compiling root (8 scala sources and 1 java source)
2023.11.06 09:59:29 INFO  time: compiled root in 2.36s
2023.11.06 09:59:36 INFO  compiling root (8 scala sources and 1 java source)
2023.11.06 09:59:44 INFO  time: compiled root in 7.85s
2023.11.06 10:04:40 INFO  compiling root (8 scala sources and 1 java source)
2023.11.06 10:04:51 INFO  time: compiled root in 11s
Nov 06, 2023 10:04:52 AM org.eclipse.lsp4j.jsonrpc.RemoteEndpoint handleCancellation
WARNING: Unmatched cancel notification for request id 2994
Nov 06, 2023 10:04:52 AM org.eclipse.lsp4j.jsonrpc.RemoteEndpoint handleCancellation
WARNING: Unmatched cancel notification for request id 2993
Nov 06, 2023 10:05:03 AM org.eclipse.lsp4j.jsonrpc.RemoteEndpoint handleCancellation
WARNING: Unmatched cancel notification for request id 3037
2023.11.06 10:05:03 INFO  compiling root (8 scala sources and 1 java source)
Nov 06, 2023 10:05:11 AM org.eclipse.lsp4j.jsonrpc.RemoteEndpoint handleCancellation
WARNING: Unmatched cancel notification for request id 3048
Nov 06, 2023 10:05:11 AM org.eclipse.lsp4j.jsonrpc.RemoteEndpoint handleCancellation
WARNING: Unmatched cancel notification for request id 3049
2023.11.06 10:05:14 INFO  time: compiled root in 11s
2023.11.06 10:05:14 INFO  compiling root (8 scala sources and 1 java source)
Nov 06, 2023 10:05:17 AM org.eclipse.lsp4j.jsonrpc.RemoteEndpoint handleCancellation
WARNING: Unmatched cancel notification for request id 3067
Nov 06, 2023 10:05:20 AM org.eclipse.lsp4j.jsonrpc.RemoteEndpoint handleCancellation
WARNING: Unmatched cancel notification for request id 3069
2023.11.06 10:05:20 INFO  time: compiled root in 5.05s
Nov 06, 2023 10:05:20 AM org.eclipse.lsp4j.jsonrpc.RemoteEndpoint handleCancellation
WARNING: Unmatched cancel notification for request id 3073
Nov 06, 2023 10:05:47 AM org.eclipse.lsp4j.jsonrpc.RemoteEndpoint handleCancellation
WARNING: Unmatched cancel notification for request id 3195
Nov 06, 2023 10:05:47 AM org.eclipse.lsp4j.jsonrpc.RemoteEndpoint handleCancellation
WARNING: Unmatched cancel notification for request id 3194
2023.11.06 10:05:56 INFO  compiling root (8 scala sources and 1 java source)
2023.11.06 10:06:07 INFO  time: compiled root in 11s
2023.11.06 10:07:10 INFO  compiling root (8 scala sources and 1 java source)
2023.11.06 10:07:22 INFO  time: compiled root in 11s
2023.11.06 10:07:22 INFO  compiling root (8 scala sources and 1 java source)
2023.11.06 10:07:32 INFO  time: compiled root in 9.26s
Nov 06, 2023 10:07:49 AM org.eclipse.lsp4j.jsonrpc.RemoteEndpoint handleCancellation
WARNING: Unmatched cancel notification for request id 3253
2023.11.06 10:10:25 INFO  compiling root (8 scala sources and 1 java source)
2023.11.06 10:10:34 INFO  time: compiled root in 8.46s
2023.11.06 10:10:34 INFO  compiling root (8 scala sources and 1 java source)
2023.11.06 10:10:40 INFO  time: compiled root in 5.92s
2023.11.06 10:34:18 INFO  compiling root (8 scala sources and 1 java source)
2023.11.06 10:34:27 INFO  time: compiled root in 9.23s
2023.11.06 10:35:51 INFO  compiling root (8 scala sources and 1 java source)
2023.11.06 10:36:00 INFO  time: compiled root in 9.55s
2023.11.06 10:36:31 INFO  compiling root (8 scala sources and 1 java source)
2023.11.06 10:36:39 INFO  time: compiled root in 8.41s
2023.11.06 10:57:40 INFO  compiling root (8 scala sources and 1 java source)
2023.11.06 10:57:43 INFO  time: compiled root in 3.1s
2023.11.06 10:59:34 INFO  compiling root (8 scala sources and 1 java source)
2023.11.06 10:59:42 INFO  time: compiled root in 8.33s
Nov 06, 2023 11:02:27 AM org.eclipse.lsp4j.jsonrpc.RemoteEndpoint handleCancellation
WARNING: Unmatched cancel notification for request id 3398
Nov 06, 2023 11:02:27 AM org.eclipse.lsp4j.jsonrpc.RemoteEndpoint handleCancellation
WARNING: Unmatched cancel notification for request id 3397
2023.11.06 11:02:32 INFO  compiling root (8 scala sources and 1 java source)
2023.11.06 11:02:42 INFO  time: compiled root in 9.95s
Nov 06, 2023 11:32:26 AM org.eclipse.lsp4j.jsonrpc.services.GenericEndpoint notify
INFO: Unsupported notification method: $/setTrace
Nov 06, 2023 11:32:28 AM org.eclipse.lsp4j.jsonrpc.services.GenericEndpoint notify
INFO: Unsupported notification method: $/setTrace
Nov 06, 2023 11:32:52 AM org.eclipse.lsp4j.jsonrpc.services.GenericEndpoint notify
INFO: Unsupported notification method: $/setTrace
Nov 06, 2023 11:42:33 AM org.eclipse.lsp4j.jsonrpc.services.GenericEndpoint notify
INFO: Unsupported notification method: $/setTrace
Nov 06, 2023 11:42:36 AM org.eclipse.lsp4j.jsonrpc.services.GenericEndpoint notify
INFO: Unsupported notification method: $/setTrace
Nov 06, 2023 11:42:38 AM org.eclipse.lsp4j.jsonrpc.services.GenericEndpoint notify
INFO: Unsupported notification method: $/setTrace
Nov 06, 2023 12:54:31 PM org.eclipse.lsp4j.jsonrpc.services.GenericEndpoint notify
INFO: Unsupported notification method: $/setTrace
Nov 06, 2023 12:54:32 PM org.eclipse.lsp4j.jsonrpc.services.GenericEndpoint notify
INFO: Unsupported notification method: $/setTrace
Nov 06, 2023 12:54:36 PM org.eclipse.lsp4j.jsonrpc.services.GenericEndpoint notify
INFO: Unsupported notification method: $/setTrace
2023.11.06 13:12:59 INFO  compiling root (8 scala sources and 1 java source)
Nov 06, 2023 1:13:04 PM org.eclipse.lsp4j.jsonrpc.RemoteEndpoint handleCancellation
WARNING: Unmatched cancel notification for request id 3536
2023.11.06 13:13:07 INFO  time: compiled root in 7.37s
2023.11.06 13:13:07 INFO  compiling root (8 scala sources and 1 java source)
Nov 06, 2023 1:13:09 PM org.eclipse.lsp4j.jsonrpc.RemoteEndpoint handleCancellation
WARNING: Unmatched cancel notification for request id 3548
Nov 06, 2023 1:13:09 PM org.eclipse.lsp4j.jsonrpc.RemoteEndpoint handleCancellation
WARNING: Unmatched cancel notification for request id 3549
2023.11.06 13:13:10 INFO  time: compiled root in 3.05s
2023.11.06 13:13:13 INFO  compiling root (8 scala sources and 1 java source)
2023.11.06 13:13:30 INFO  time: compiled root in 16s
2023.11.06 13:13:58 INFO  compiling root (8 scala sources and 1 java source)
Nov 06, 2023 1:14:01 PM org.eclipse.lsp4j.jsonrpc.RemoteEndpoint handleCancellation
WARNING: Unmatched cancel notification for request id 3615
Nov 06, 2023 1:14:01 PM org.eclipse.lsp4j.jsonrpc.RemoteEndpoint handleCancellation
WARNING: Unmatched cancel notification for request id 3614
2023.11.06 13:14:06 INFO  time: compiled root in 7.79s
2023.11.06 13:14:06 INFO  compiling root (8 scala sources and 1 java source)
2023.11.06 13:14:10 INFO  time: compiled root in 3.88s
2023.11.06 13:14:21 INFO  compiling root (8 scala sources and 1 java source)
2023.11.06 13:14:30 INFO  time: compiled root in 8.24s
2023.11.06 13:16:47 INFO  compiling root (8 scala sources and 1 java source)
2023.11.06 13:16:50 INFO  compiling root (8 scala sources and 1 java source)
2023.11.06 13:16:51 INFO  time: compiled root in 1.66s
2023.11.06 13:16:51 WARN  failed to generate semanticdb for /Users/acabase/Downloads/New Folder With Items/coincap-backend/app/controllers/HomeController.scala:
java.lang.IllegalArgumentException: 2861 is not a valid offset, allowed [0..2857]
	at scala.meta.internal.inputs.InternalInput.offsetToLine(InternalInput.scala:54)
	at scala.meta.internal.inputs.InternalInput.offsetToLine$(InternalInput.scala:48)
	at scala.meta.inputs.Input$File.offsetToLine(Input.scala:51)
	at scala.meta.inputs.Position$Range.endLine(Position.scala:41)
	at scala.meta.internal.inputs.package$XtensionPositionToRange$.toRange$extension(package.scala:47)
	at scala.meta.internal.semanticdb.scalac.TextDocumentOps$XtensionCompilationUnitDocument$traverser$3$.tryFindSynthetic(TextDocumentOps.scala:580)
	at scala.meta.internal.semanticdb.scalac.TextDocumentOps$XtensionCompilationUnitDocument$traverser$3$.traverse(TextDocumentOps.scala:722)
	at scala.meta.internal.semanticdb.scalac.TextDocumentOps$XtensionCompilationUnitDocument$traverser$3$.traverse(TextDocumentOps.scala:210)
	at scala.reflect.internal.Trees$Function.$anonfun$traverse$7(Trees.scala:651)
	at scala.reflect.api.Trees$Traverser.atOwner(Trees.scala:2529)
	at scala.reflect.internal.Trees$Function.traverse(Trees.scala:650)
	at scala.reflect.internal.Trees.itraverse(Trees.scala:1605)
	at scala.reflect.internal.Trees.itraverse$(Trees.scala:1604)
	at scala.reflect.internal.SymbolTable.itraverse(SymbolTable.scala:28)
	at scala.reflect.internal.SymbolTable.itraverse(SymbolTable.scala:28)
	at scala.reflect.api.Trees$Traverser.traverse(Trees.scala:2497)
	at scala.meta.internal.semanticdb.scalac.TextDocumentOps$XtensionCompilationUnitDocument$traverser$3$.traverse(TextDocumentOps.scala:783)
	at scala.meta.internal.semanticdb.scalac.TextDocumentOps$XtensionCompilationUnitDocument$traverser$3$.traverse(TextDocumentOps.scala:210)
	at scala.reflect.api.Trees$Traverser.traverseTrees(Trees.scala:2506)
	at scala.reflect.internal.Trees$Apply.traverse(Trees.scala:791)
	at scala.reflect.internal.Trees.itraverse(Trees.scala:1605)
	at scala.reflect.internal.Trees.itraverse$(Trees.scala:1604)
	at scala.reflect.internal.SymbolTable.itraverse(SymbolTable.scala:28)
	at scala.reflect.internal.SymbolTable.itraverse(SymbolTable.scala:28)
	at scala.reflect.api.Trees$Traverser.traverse(Trees.scala:2497)
	at scala.meta.internal.semanticdb.scalac.TextDocumentOps$XtensionCompilationUnitDocument$traverser$3$.traverse(TextDocumentOps.scala:783)
	at scala.meta.internal.semanticdb.scalac.TextDocumentOps$XtensionCompilationUnitDocument$traverser$3$.traverse(TextDocumentOps.scala:210)
	at scala.reflect.internal.Trees$DefDef.$anonfun$traverse$4(Trees.scala:463)
	at scala.reflect.api.Trees$Traverser.atOwner(Trees.scala:2529)
	at scala.reflect.internal.Trees$DefDef.traverse(Trees.scala:457)
	at scala.reflect.internal.Trees.itraverse(Trees.scala:1605)
	at scala.reflect.internal.Trees.itraverse$(Trees.scala:1604)
	at scala.reflect.internal.SymbolTable.itraverse(SymbolTable.scala:28)
	at scala.reflect.internal.SymbolTable.itraverse(SymbolTable.scala:28)
	at scala.reflect.api.Trees$Traverser.traverse(Trees.scala:2497)
	at scala.meta.internal.semanticdb.scalac.TextDocumentOps$XtensionCompilationUnitDocument$traverser$3$.traverse(TextDocumentOps.scala:783)
	at scala.meta.internal.semanticdb.scalac.TextDocumentOps$XtensionCompilationUnitDocument$traverser$3$.traverse(TextDocumentOps.scala:210)
	at scala.reflect.api.Trees$Traverser.$anonfun$traverseStats$2(Trees.scala:2520)
	at scala.reflect.api.Trees$Traverser.atOwner(Trees.scala:2529)
	at scala.reflect.api.Trees$Traverser.$anonfun$traverseStats$1(Trees.scala:2520)
	at scala.reflect.api.Trees$Traverser.traverseStats(Trees.scala:2519)
	at scala.reflect.internal.Trees$Template.traverse(Trees.scala:550)
	at scala.reflect.internal.Trees.itraverse(Trees.scala:1605)
	at scala.reflect.internal.Trees.itraverse$(Trees.scala:1604)
	at scala.reflect.internal.SymbolTable.itraverse(SymbolTable.scala:28)
	at scala.reflect.internal.SymbolTable.itraverse(SymbolTable.scala:28)
	at scala.reflect.api.Trees$Traverser.traverse(Trees.scala:2497)
	at scala.meta.internal.semanticdb.scalac.TextDocumentOps$XtensionCompilationUnitDocument$traverser$3$.traverse(TextDocumentOps.scala:783)
	at scala.meta.internal.semanticdb.scalac.TextDocumentOps$XtensionCompilationUnitDocument$traverser$3$.traverse(TextDocumentOps.scala:210)
	at scala.reflect.internal.Trees$ClassDef.$anonfun$traverse$1(Trees.scala:369)
	at scala.reflect.api.Trees$Traverser.atOwner(Trees.scala:2529)
	at scala.reflect.internal.Trees$ClassDef.traverse(Trees.scala:365)
	at scala.reflect.internal.Trees.itraverse(Trees.scala:1605)
	at scala.reflect.internal.Trees.itraverse$(Trees.scala:1604)
	at scala.reflect.internal.SymbolTable.itraverse(SymbolTable.scala:28)
	at scala.reflect.internal.SymbolTable.itraverse(SymbolTable.scala:28)
	at scala.reflect.api.Trees$Traverser.traverse(Trees.scala:2497)
	at scala.meta.internal.semanticdb.scalac.TextDocumentOps$XtensionCompilationUnitDocument$traverser$3$.traverse(TextDocumentOps.scala:783)
	at scala.meta.internal.semanticdb.scalac.TextDocumentOps$XtensionCompilationUnitDocument$traverser$3$.traverse(TextDocumentOps.scala:210)
	at scala.reflect.api.Trees$Traverser.$anonfun$traverseStats$2(Trees.scala:2520)
	at scala.reflect.api.Trees$Traverser.atOwner(Trees.scala:2529)
	at scala.reflect.api.Trees$Traverser.$anonfun$traverseStats$1(Trees.scala:2520)
	at scala.reflect.api.Trees$Traverser.traverseStats(Trees.scala:2519)
	at scala.reflect.internal.Trees$PackageDef.traverse(Trees.scala:349)
	at scala.reflect.internal.Trees.itraverse(Trees.scala:1605)
	at scala.reflect.internal.Trees.itraverse$(Trees.scala:1604)
	at scala.reflect.internal.SymbolTable.itraverse(SymbolTable.scala:28)
	at scala.reflect.internal.SymbolTable.itraverse(SymbolTable.scala:28)
	at scala.reflect.api.Trees$Traverser.traverse(Trees.scala:2497)
	at scala.meta.internal.semanticdb.scalac.TextDocumentOps$XtensionCompilationUnitDocument$traverser$3$.traverse(TextDocumentOps.scala:783)
	at scala.meta.internal.semanticdb.scalac.TextDocumentOps$XtensionCompilationUnitDocument.toTextDocument(TextDocumentOps.scala:786)
	at scala.meta.internal.semanticdb.scalac.TextDocumentOps$XtensionCompilationUnitDocument.toTextDocument(TextDocumentOps.scala:54)
	at scala.meta.internal.semanticdb.scalac.SemanticdbPipeline$SemanticdbTyperComponent$ComputeSemanticdbPhase.saveSemanticdbForCompilationUnit(SemanticdbPipeline.scala:59)
	at scala.meta.internal.semanticdb.scalac.SemanticdbPipeline$SemanticdbTyperComponent$ComputeSemanticdbPhase.apply(SemanticdbPipeline.scala:65)
	at scala.tools.nsc.Global$GlobalPhase.applyPhase(Global.scala:480)
	at scala.tools.nsc.Global$GlobalPhase.run(Global.scala:427)
	at scala.meta.internal.semanticdb.scalac.SemanticdbPipeline$SemanticdbTyperComponent$ComputeSemanticdbPhase.run(SemanticdbPipeline.scala:75)
	at scala.tools.nsc.Global$Run.compileUnitsInternal(Global.scala:1546)
	at scala.tools.nsc.Global$Run.compileUnits(Global.scala:1530)
	at scala.tools.nsc.Global$Run.compileSources(Global.scala:1522)
	at scala.tools.nsc.Global$Run.compileFiles(Global.scala:1635)
	at xsbt.CachedCompiler0.run(CompilerBridge.scala:163)
	at xsbt.CachedCompiler0.run(CompilerBridge.scala:134)
	at xsbt.CompilerBridge.run(CompilerBridge.scala:39)
	at sbt.internal.inc.AnalyzingCompiler.compile(AnalyzingCompiler.scala:91)
	at sbt.internal.inc.bloop.internal.BloopHighLevelCompiler.compileSources$1(BloopHighLevelCompiler.scala:133)
	at sbt.internal.inc.bloop.internal.BloopHighLevelCompiler.$anonfun$compile$7(BloopHighLevelCompiler.scala:155)
	at scala.runtime.java8.JFunction0$mcV$sp.apply(JFunction0$mcV$sp.java:23)
	at sbt.internal.inc.bloop.internal.BloopHighLevelCompiler.$anonfun$compile$1(BloopHighLevelCompiler.scala:71)
	at bloop.tracing.BraveTracer.traceInternal(BraveTracer.scala:67)
	at bloop.tracing.BraveTracer.trace(BraveTracer.scala:41)
	at sbt.internal.inc.bloop.internal.BloopHighLevelCompiler.timed$1(BloopHighLevelCompiler.scala:70)
	at sbt.internal.inc.bloop.internal.BloopHighLevelCompiler.$anonfun$compile$6(BloopHighLevelCompiler.scala:155)
	at scala.runtime.java8.JFunction0$mcV$sp.apply(JFunction0$mcV$sp.java:23)
	at monix.eval.internal.TaskRunLoop$.startFull(TaskRunLoop.scala:81)
	at monix.eval.internal.TaskRestartCallback.syncOnSuccess(TaskRestartCallback.scala:101)
	at monix.eval.internal.TaskRestartCallback.onSuccess(TaskRestartCallback.scala:74)
	at monix.eval.internal.TaskExecuteOn$AsyncRegister$$anon$1.run(TaskExecuteOn.scala:71)
	at java.util.concurrent.ForkJoinTask$RunnableExecuteAction.exec(ForkJoinTask.java:1402)
	at java.util.concurrent.ForkJoinTask.doExec(ForkJoinTask.java:289)
	at java.util.concurrent.ForkJoinPool$WorkQueue.runTask(ForkJoinPool.java:1056)
	at java.util.concurrent.ForkJoinPool.runWorker(ForkJoinPool.java:1692)
	at java.util.concurrent.ForkJoinWorkerThread.run(ForkJoinWorkerThread.java:175)

2023.11.06 13:16:53 WARN  failed to generate semanticdb for /Users/acabase/Downloads/New Folder With Items/coincap-backend/target/scala-2.13/routes/main/controllers/ReverseRoutes.scala:
java.nio.file.NoSuchFileException: /Users/acabase/Downloads/New Folder With Items/coincap-backend/target/scala-2.13/routes/main/controllers/ReverseRoutes.scala
	at sun.nio.fs.UnixException.translateToIOException(UnixException.java:86)
	at sun.nio.fs.UnixException.rethrowAsIOException(UnixException.java:102)
	at sun.nio.fs.UnixException.rethrowAsIOException(UnixException.java:107)
	at sun.nio.fs.UnixFileSystemProvider.newByteChannel(UnixFileSystemProvider.java:214)
	at java.nio.file.Files.newByteChannel(Files.java:361)
	at java.nio.file.Files.newByteChannel(Files.java:407)
	at java.nio.file.Files.readAllBytes(Files.java:3152)
	at scala.meta.internal.io.PlatformFileIO$.slurp(PlatformFileIO.scala:45)
	at scala.meta.internal.io.FileIO$.slurp(FileIO.scala:24)
	at scala.meta.inputs.Input$File.chars$lzycompute(Input.scala:52)
	at scala.meta.inputs.Input$File.chars(Input.scala:52)
	at scala.meta.internal.tokenizers.CharArrayReader.<init>(CharArrayReader.scala:25)
	at scala.meta.internal.tokenizers.LegacyScanner.<init>(LegacyScanner.scala:17)
	at scala.meta.internal.tokenizers.ScalametaTokenizer.uncachedTokenize(ScalametaTokenizer.scala:22)
	at scala.meta.internal.tokenizers.ScalametaTokenizer.$anonfun$tokenize$1(ScalametaTokenizer.scala:17)
	at scala.collection.concurrent.TrieMap.getOrElseUpdate(TrieMap.scala:962)
	at scala.meta.internal.tokenizers.ScalametaTokenizer.tokenize(ScalametaTokenizer.scala:17)
	at scala.meta.internal.tokenizers.ScalametaTokenizer$$anon$2.apply(ScalametaTokenizer.scala:332)
	at scala.meta.tokenizers.Api$XtensionTokenizeDialectInput.tokenize(Api.scala:25)
	at scala.meta.tokenizers.Api$XtensionTokenizeInputLike.tokenize(Api.scala:14)
	at scala.meta.internal.parsers.ScannerTokens$.apply(ScannerTokens.scala:912)
	at scala.meta.internal.parsers.ScalametaParser.<init>(ScalametaParser.scala:33)
	at scala.meta.parsers.Parse$$anon$1.apply(Parse.scala:35)
	at scala.meta.parsers.Api$XtensionParseDialectInput.parse(Api.scala:25)
	at scala.meta.internal.semanticdb.scalac.ParseOps$XtensionCompilationUnitSource.toSource(ParseOps.scala:17)
	at scala.meta.internal.semanticdb.scalac.TextDocumentOps$XtensionCompilationUnitDocument.toTextDocument(TextDocumentOps.scala:206)
	at scala.meta.internal.semanticdb.scalac.TextDocumentOps$XtensionCompilationUnitDocument.toTextDocument(TextDocumentOps.scala:54)
	at scala.meta.internal.semanticdb.scalac.SemanticdbPipeline$SemanticdbTyperComponent$ComputeSemanticdbPhase.saveSemanticdbForCompilationUnit(SemanticdbPipeline.scala:59)
	at scala.meta.internal.semanticdb.scalac.SemanticdbPipeline$SemanticdbTyperComponent$ComputeSemanticdbPhase.apply(SemanticdbPipeline.scala:65)
	at scala.tools.nsc.Global$GlobalPhase.applyPhase(Global.scala:480)
	at scala.tools.nsc.Global$GlobalPhase.run(Global.scala:427)
	at scala.meta.internal.semanticdb.scalac.SemanticdbPipeline$SemanticdbTyperComponent$ComputeSemanticdbPhase.run(SemanticdbPipeline.scala:75)
	at scala.tools.nsc.Global$Run.compileUnitsInternal(Global.scala:1546)
	at scala.tools.nsc.Global$Run.compileUnits(Global.scala:1530)
	at scala.tools.nsc.Global$Run.compileSources(Global.scala:1522)
	at scala.tools.nsc.Global$Run.compileFiles(Global.scala:1635)
	at xsbt.CachedCompiler0.run(CompilerBridge.scala:163)
	at xsbt.CachedCompiler0.run(CompilerBridge.scala:134)
	at xsbt.CompilerBridge.run(CompilerBridge.scala:39)
	at sbt.internal.inc.AnalyzingCompiler.compile(AnalyzingCompiler.scala:91)
	at sbt.internal.inc.bloop.internal.BloopHighLevelCompiler.compileSources$1(BloopHighLevelCompiler.scala:133)
	at sbt.internal.inc.bloop.internal.BloopHighLevelCompiler.$anonfun$compile$7(BloopHighLevelCompiler.scala:155)
	at scala.runtime.java8.JFunction0$mcV$sp.apply(JFunction0$mcV$sp.java:23)
	at sbt.internal.inc.bloop.internal.BloopHighLevelCompiler.$anonfun$compile$1(BloopHighLevelCompiler.scala:71)
	at bloop.tracing.BraveTracer.traceInternal(BraveTracer.scala:67)
	at bloop.tracing.BraveTracer.trace(BraveTracer.scala:41)
	at sbt.internal.inc.bloop.internal.BloopHighLevelCompiler.timed$1(BloopHighLevelCompiler.scala:70)
	at sbt.internal.inc.bloop.internal.BloopHighLevelCompiler.$anonfun$compile$6(BloopHighLevelCompiler.scala:155)
	at scala.runtime.java8.JFunction0$mcV$sp.apply(JFunction0$mcV$sp.java:23)
	at monix.eval.internal.TaskRunLoop$.startFull(TaskRunLoop.scala:81)
	at monix.eval.internal.TaskRestartCallback.syncOnSuccess(TaskRestartCallback.scala:101)
	at monix.eval.internal.TaskRestartCallback.onSuccess(TaskRestartCallback.scala:74)
	at monix.eval.internal.TaskExecuteOn$AsyncRegister$$anon$1.run(TaskExecuteOn.scala:71)
	at java.util.concurrent.ForkJoinTask$RunnableExecuteAction.exec(ForkJoinTask.java:1402)
	at java.util.concurrent.ForkJoinTask.doExec(ForkJoinTask.java:289)
	at java.util.concurrent.ForkJoinPool$WorkQueue.runTask(ForkJoinPool.java:1056)
	at java.util.concurrent.ForkJoinPool.runWorker(ForkJoinPool.java:1692)
	at java.util.concurrent.ForkJoinWorkerThread.run(ForkJoinWorkerThread.java:175)

2023.11.06 13:16:53 WARN  failed to generate semanticdb for /Users/acabase/Downloads/New Folder With Items/coincap-backend/target/scala-2.13/routes/main/controllers/javascript/JavaScriptReverseRoutes.scala:
java.nio.file.NoSuchFileException: /Users/acabase/Downloads/New Folder With Items/coincap-backend/target/scala-2.13/routes/main/controllers/javascript/JavaScriptReverseRoutes.scala
	at sun.nio.fs.UnixException.translateToIOException(UnixException.java:86)
	at sun.nio.fs.UnixException.rethrowAsIOException(UnixException.java:102)
	at sun.nio.fs.UnixException.rethrowAsIOException(UnixException.java:107)
	at sun.nio.fs.UnixFileSystemProvider.newByteChannel(UnixFileSystemProvider.java:214)
	at java.nio.file.Files.newByteChannel(Files.java:361)
	at java.nio.file.Files.newByteChannel(Files.java:407)
	at java.nio.file.Files.readAllBytes(Files.java:3152)
	at scala.meta.internal.io.PlatformFileIO$.slurp(PlatformFileIO.scala:45)
	at scala.meta.internal.io.FileIO$.slurp(FileIO.scala:24)
	at scala.meta.inputs.Input$File.chars$lzycompute(Input.scala:52)
	at scala.meta.inputs.Input$File.chars(Input.scala:52)
	at scala.meta.internal.tokenizers.CharArrayReader.<init>(CharArrayReader.scala:25)
	at scala.meta.internal.tokenizers.LegacyScanner.<init>(LegacyScanner.scala:17)
	at scala.meta.internal.tokenizers.ScalametaTokenizer.uncachedTokenize(ScalametaTokenizer.scala:22)
	at scala.meta.internal.tokenizers.ScalametaTokenizer.$anonfun$tokenize$1(ScalametaTokenizer.scala:17)
	at scala.collection.concurrent.TrieMap.getOrElseUpdate(TrieMap.scala:962)
	at scala.meta.internal.tokenizers.ScalametaTokenizer.tokenize(ScalametaTokenizer.scala:17)
	at scala.meta.internal.tokenizers.ScalametaTokenizer$$anon$2.apply(ScalametaTokenizer.scala:332)
	at scala.meta.tokenizers.Api$XtensionTokenizeDialectInput.tokenize(Api.scala:25)
	at scala.meta.tokenizers.Api$XtensionTokenizeInputLike.tokenize(Api.scala:14)
	at scala.meta.internal.parsers.ScannerTokens$.apply(ScannerTokens.scala:912)
	at scala.meta.internal.parsers.ScalametaParser.<init>(ScalametaParser.scala:33)
	at scala.meta.parsers.Parse$$anon$1.apply(Parse.scala:35)
	at scala.meta.parsers.Api$XtensionParseDialectInput.parse(Api.scala:25)
	at scala.meta.internal.semanticdb.scalac.ParseOps$XtensionCompilationUnitSource.toSource(ParseOps.scala:17)
	at scala.meta.internal.semanticdb.scalac.TextDocumentOps$XtensionCompilationUnitDocument.toTextDocument(TextDocumentOps.scala:206)
	at scala.meta.internal.semanticdb.scalac.TextDocumentOps$XtensionCompilationUnitDocument.toTextDocument(TextDocumentOps.scala:54)
	at scala.meta.internal.semanticdb.scalac.SemanticdbPipeline$SemanticdbTyperComponent$ComputeSemanticdbPhase.saveSemanticdbForCompilationUnit(SemanticdbPipeline.scala:59)
	at scala.meta.internal.semanticdb.scalac.SemanticdbPipeline$SemanticdbTyperComponent$ComputeSemanticdbPhase.apply(SemanticdbPipeline.scala:65)
	at scala.tools.nsc.Global$GlobalPhase.applyPhase(Global.scala:480)
	at scala.tools.nsc.Global$GlobalPhase.run(Global.scala:427)
	at scala.meta.internal.semanticdb.scalac.SemanticdbPipeline$SemanticdbTyperComponent$ComputeSemanticdbPhase.run(SemanticdbPipeline.scala:75)
	at scala.tools.nsc.Global$Run.compileUnitsInternal(Global.scala:1546)
	at scala.tools.nsc.Global$Run.compileUnits(Global.scala:1530)
	at scala.tools.nsc.Global$Run.compileSources(Global.scala:1522)
	at scala.tools.nsc.Global$Run.compileFiles(Global.scala:1635)
	at xsbt.CachedCompiler0.run(CompilerBridge.scala:163)
	at xsbt.CachedCompiler0.run(CompilerBridge.scala:134)
	at xsbt.CompilerBridge.run(CompilerBridge.scala:39)
	at sbt.internal.inc.AnalyzingCompiler.compile(AnalyzingCompiler.scala:91)
	at sbt.internal.inc.bloop.internal.BloopHighLevelCompiler.compileSources$1(BloopHighLevelCompiler.scala:133)
	at sbt.internal.inc.bloop.internal.BloopHighLevelCompiler.$anonfun$compile$7(BloopHighLevelCompiler.scala:155)
	at scala.runtime.java8.JFunction0$mcV$sp.apply(JFunction0$mcV$sp.java:23)
	at sbt.internal.inc.bloop.internal.BloopHighLevelCompiler.$anonfun$compile$1(BloopHighLevelCompiler.scala:71)
	at bloop.tracing.BraveTracer.traceInternal(BraveTracer.scala:67)
	at bloop.tracing.BraveTracer.trace(BraveTracer.scala:41)
	at sbt.internal.inc.bloop.internal.BloopHighLevelCompiler.timed$1(BloopHighLevelCompiler.scala:70)
	at sbt.internal.inc.bloop.internal.BloopHighLevelCompiler.$anonfun$compile$6(BloopHighLevelCompiler.scala:155)
	at scala.runtime.java8.JFunction0$mcV$sp.apply(JFunction0$mcV$sp.java:23)
	at monix.eval.internal.TaskRunLoop$.startFull(TaskRunLoop.scala:81)
	at monix.eval.internal.TaskRestartCallback.syncOnSuccess(TaskRestartCallback.scala:101)
	at monix.eval.internal.TaskRestartCallback.onSuccess(TaskRestartCallback.scala:74)
	at monix.eval.internal.TaskExecuteOn$AsyncRegister$$anon$1.run(TaskExecuteOn.scala:71)
	at java.util.concurrent.ForkJoinTask$RunnableExecuteAction.exec(ForkJoinTask.java:1402)
	at java.util.concurrent.ForkJoinTask.doExec(ForkJoinTask.java:289)
	at java.util.concurrent.ForkJoinPool$WorkQueue.runTask(ForkJoinPool.java:1056)
	at java.util.concurrent.ForkJoinPool.runWorker(ForkJoinPool.java:1692)
	at java.util.concurrent.ForkJoinWorkerThread.run(ForkJoinWorkerThread.java:175)

2023.11.06 13:16:53 WARN  failed to generate semanticdb for /Users/acabase/Downloads/New Folder With Items/coincap-backend/target/scala-2.13/routes/main/router/Routes.scala:
java.nio.file.NoSuchFileException: /Users/acabase/Downloads/New Folder With Items/coincap-backend/target/scala-2.13/routes/main/router/Routes.scala
	at sun.nio.fs.UnixException.translateToIOException(UnixException.java:86)
	at sun.nio.fs.UnixException.rethrowAsIOException(UnixException.java:102)
	at sun.nio.fs.UnixException.rethrowAsIOException(UnixException.java:107)
	at sun.nio.fs.UnixFileSystemProvider.newByteChannel(UnixFileSystemProvider.java:214)
	at java.nio.file.Files.newByteChannel(Files.java:361)
	at java.nio.file.Files.newByteChannel(Files.java:407)
	at java.nio.file.Files.readAllBytes(Files.java:3152)
	at scala.meta.internal.io.PlatformFileIO$.slurp(PlatformFileIO.scala:45)
	at scala.meta.internal.io.FileIO$.slurp(FileIO.scala:24)
	at scala.meta.inputs.Input$File.chars$lzycompute(Input.scala:52)
	at scala.meta.inputs.Input$File.chars(Input.scala:52)
	at scala.meta.internal.tokenizers.CharArrayReader.<init>(CharArrayReader.scala:25)
	at scala.meta.internal.tokenizers.LegacyScanner.<init>(LegacyScanner.scala:17)
	at scala.meta.internal.tokenizers.ScalametaTokenizer.uncachedTokenize(ScalametaTokenizer.scala:22)
	at scala.meta.internal.tokenizers.ScalametaTokenizer.$anonfun$tokenize$1(ScalametaTokenizer.scala:17)
	at scala.collection.concurrent.TrieMap.getOrElseUpdate(TrieMap.scala:962)
	at scala.meta.internal.tokenizers.ScalametaTokenizer.tokenize(ScalametaTokenizer.scala:17)
	at scala.meta.internal.tokenizers.ScalametaTokenizer$$anon$2.apply(ScalametaTokenizer.scala:332)
	at scala.meta.tokenizers.Api$XtensionTokenizeDialectInput.tokenize(Api.scala:25)
	at scala.meta.tokenizers.Api$XtensionTokenizeInputLike.tokenize(Api.scala:14)
	at scala.meta.internal.parsers.ScannerTokens$.apply(ScannerTokens.scala:912)
	at scala.meta.internal.parsers.ScalametaParser.<init>(ScalametaParser.scala:33)
	at scala.meta.parsers.Parse$$anon$1.apply(Parse.scala:35)
	at scala.meta.parsers.Api$XtensionParseDialectInput.parse(Api.scala:25)
	at scala.meta.internal.semanticdb.scalac.ParseOps$XtensionCompilationUnitSource.toSource(ParseOps.scala:17)
	at scala.meta.internal.semanticdb.scalac.TextDocumentOps$XtensionCompilationUnitDocument.toTextDocument(TextDocumentOps.scala:206)
	at scala.meta.internal.semanticdb.scalac.TextDocumentOps$XtensionCompilationUnitDocument.toTextDocument(TextDocumentOps.scala:54)
	at scala.meta.internal.semanticdb.scalac.SemanticdbPipeline$SemanticdbTyperComponent$ComputeSemanticdbPhase.saveSemanticdbForCompilationUnit(SemanticdbPipeline.scala:59)
	at scala.meta.internal.semanticdb.scalac.SemanticdbPipeline$SemanticdbTyperComponent$ComputeSemanticdbPhase.apply(SemanticdbPipeline.scala:65)
	at scala.tools.nsc.Global$GlobalPhase.applyPhase(Global.scala:480)
	at scala.tools.nsc.Global$GlobalPhase.run(Global.scala:427)
	at scala.meta.internal.semanticdb.scalac.SemanticdbPipeline$SemanticdbTyperComponent$ComputeSemanticdbPhase.run(SemanticdbPipeline.scala:75)
	at scala.tools.nsc.Global$Run.compileUnitsInternal(Global.scala:1546)
	at scala.tools.nsc.Global$Run.compileUnits(Global.scala:1530)
	at scala.tools.nsc.Global$Run.compileSources(Global.scala:1522)
	at scala.tools.nsc.Global$Run.compileFiles(Global.scala:1635)
	at xsbt.CachedCompiler0.run(CompilerBridge.scala:163)
	at xsbt.CachedCompiler0.run(CompilerBridge.scala:134)
	at xsbt.CompilerBridge.run(CompilerBridge.scala:39)
	at sbt.internal.inc.AnalyzingCompiler.compile(AnalyzingCompiler.scala:91)
	at sbt.internal.inc.bloop.internal.BloopHighLevelCompiler.compileSources$1(BloopHighLevelCompiler.scala:133)
	at sbt.internal.inc.bloop.internal.BloopHighLevelCompiler.$anonfun$compile$7(BloopHighLevelCompiler.scala:155)
	at scala.runtime.java8.JFunction0$mcV$sp.apply(JFunction0$mcV$sp.java:23)
	at sbt.internal.inc.bloop.internal.BloopHighLevelCompiler.$anonfun$compile$1(BloopHighLevelCompiler.scala:71)
	at bloop.tracing.BraveTracer.traceInternal(BraveTracer.scala:67)
	at bloop.tracing.BraveTracer.trace(BraveTracer.scala:41)
	at sbt.internal.inc.bloop.internal.BloopHighLevelCompiler.timed$1(BloopHighLevelCompiler.scala:70)
	at sbt.internal.inc.bloop.internal.BloopHighLevelCompiler.$anonfun$compile$6(BloopHighLevelCompiler.scala:155)
	at scala.runtime.java8.JFunction0$mcV$sp.apply(JFunction0$mcV$sp.java:23)
	at monix.eval.internal.TaskRunLoop$.startFull(TaskRunLoop.scala:81)
	at monix.eval.internal.TaskRestartCallback.syncOnSuccess(TaskRestartCallback.scala:101)
	at monix.eval.internal.TaskRestartCallback.onSuccess(TaskRestartCallback.scala:74)
	at monix.eval.internal.TaskExecuteOn$AsyncRegister$$anon$1.run(TaskExecuteOn.scala:71)
	at java.util.concurrent.ForkJoinTask$RunnableExecuteAction.exec(ForkJoinTask.java:1402)
	at java.util.concurrent.ForkJoinTask.doExec(ForkJoinTask.java:289)
	at java.util.concurrent.ForkJoinPool$WorkQueue.runTask(ForkJoinPool.java:1056)
	at java.util.concurrent.ForkJoinPool.runWorker(ForkJoinPool.java:1692)
	at java.util.concurrent.ForkJoinWorkerThread.run(ForkJoinWorkerThread.java:175)

2023.11.06 13:16:53 WARN  failed to generate semanticdb for /Users/acabase/Downloads/New Folder With Items/coincap-backend/target/scala-2.13/routes/main/router/RoutesPrefix.scala:
java.nio.file.NoSuchFileException: /Users/acabase/Downloads/New Folder With Items/coincap-backend/target/scala-2.13/routes/main/router/RoutesPrefix.scala
	at sun.nio.fs.UnixException.translateToIOException(UnixException.java:86)
	at sun.nio.fs.UnixException.rethrowAsIOException(UnixException.java:102)
	at sun.nio.fs.UnixException.rethrowAsIOException(UnixException.java:107)
	at sun.nio.fs.UnixFileSystemProvider.newByteChannel(UnixFileSystemProvider.java:214)
	at java.nio.file.Files.newByteChannel(Files.java:361)
	at java.nio.file.Files.newByteChannel(Files.java:407)
	at java.nio.file.Files.readAllBytes(Files.java:3152)
	at scala.meta.internal.io.PlatformFileIO$.slurp(PlatformFileIO.scala:45)
	at scala.meta.internal.io.FileIO$.slurp(FileIO.scala:24)
	at scala.meta.inputs.Input$File.chars$lzycompute(Input.scala:52)
	at scala.meta.inputs.Input$File.chars(Input.scala:52)
	at scala.meta.internal.tokenizers.CharArrayReader.<init>(CharArrayReader.scala:25)
	at scala.meta.internal.tokenizers.LegacyScanner.<init>(LegacyScanner.scala:17)
	at scala.meta.internal.tokenizers.ScalametaTokenizer.uncachedTokenize(ScalametaTokenizer.scala:22)
	at scala.meta.internal.tokenizers.ScalametaTokenizer.$anonfun$tokenize$1(ScalametaTokenizer.scala:17)
	at scala.collection.concurrent.TrieMap.getOrElseUpdate(TrieMap.scala:962)
	at scala.meta.internal.tokenizers.ScalametaTokenizer.tokenize(ScalametaTokenizer.scala:17)
	at scala.meta.internal.tokenizers.ScalametaTokenizer$$anon$2.apply(ScalametaTokenizer.scala:332)
	at scala.meta.tokenizers.Api$XtensionTokenizeDialectInput.tokenize(Api.scala:25)
	at scala.meta.tokenizers.Api$XtensionTokenizeInputLike.tokenize(Api.scala:14)
	at scala.meta.internal.parsers.ScannerTokens$.apply(ScannerTokens.scala:912)
	at scala.meta.internal.parsers.ScalametaParser.<init>(ScalametaParser.scala:33)
	at scala.meta.parsers.Parse$$anon$1.apply(Parse.scala:35)
	at scala.meta.parsers.Api$XtensionParseDialectInput.parse(Api.scala:25)
	at scala.meta.internal.semanticdb.scalac.ParseOps$XtensionCompilationUnitSource.toSource(ParseOps.scala:17)
	at scala.meta.internal.semanticdb.scalac.TextDocumentOps$XtensionCompilationUnitDocument.toTextDocument(TextDocumentOps.scala:206)
	at scala.meta.internal.semanticdb.scalac.TextDocumentOps$XtensionCompilationUnitDocument.toTextDocument(TextDocumentOps.scala:54)
	at scala.meta.internal.semanticdb.scalac.SemanticdbPipeline$SemanticdbTyperComponent$ComputeSemanticdbPhase.saveSemanticdbForCompilationUnit(SemanticdbPipeline.scala:59)
	at scala.meta.internal.semanticdb.scalac.SemanticdbPipeline$SemanticdbTyperComponent$ComputeSemanticdbPhase.apply(SemanticdbPipeline.scala:65)
	at scala.tools.nsc.Global$GlobalPhase.applyPhase(Global.scala:480)
	at scala.tools.nsc.Global$GlobalPhase.run(Global.scala:427)
	at scala.meta.internal.semanticdb.scalac.SemanticdbPipeline$SemanticdbTyperComponent$ComputeSemanticdbPhase.run(SemanticdbPipeline.scala:75)
	at scala.tools.nsc.Global$Run.compileUnitsInternal(Global.scala:1546)
	at scala.tools.nsc.Global$Run.compileUnits(Global.scala:1530)
	at scala.tools.nsc.Global$Run.compileSources(Global.scala:1522)
	at scala.tools.nsc.Global$Run.compileFiles(Global.scala:1635)
	at xsbt.CachedCompiler0.run(CompilerBridge.scala:163)
	at xsbt.CachedCompiler0.run(CompilerBridge.scala:134)
	at xsbt.CompilerBridge.run(CompilerBridge.scala:39)
	at sbt.internal.inc.AnalyzingCompiler.compile(AnalyzingCompiler.scala:91)
	at sbt.internal.inc.bloop.internal.BloopHighLevelCompiler.compileSources$1(BloopHighLevelCompiler.scala:133)
	at sbt.internal.inc.bloop.internal.BloopHighLevelCompiler.$anonfun$compile$7(BloopHighLevelCompiler.scala:155)
	at scala.runtime.java8.JFunction0$mcV$sp.apply(JFunction0$mcV$sp.java:23)
	at sbt.internal.inc.bloop.internal.BloopHighLevelCompiler.$anonfun$compile$1(BloopHighLevelCompiler.scala:71)
	at bloop.tracing.BraveTracer.traceInternal(BraveTracer.scala:67)
	at bloop.tracing.BraveTracer.trace(BraveTracer.scala:41)
	at sbt.internal.inc.bloop.internal.BloopHighLevelCompiler.timed$1(BloopHighLevelCompiler.scala:70)
	at sbt.internal.inc.bloop.internal.BloopHighLevelCompiler.$anonfun$compile$6(BloopHighLevelCompiler.scala:155)
	at scala.runtime.java8.JFunction0$mcV$sp.apply(JFunction0$mcV$sp.java:23)
	at monix.eval.internal.TaskRunLoop$.startFull(TaskRunLoop.scala:81)
	at monix.eval.internal.TaskRestartCallback.syncOnSuccess(TaskRestartCallback.scala:101)
	at monix.eval.internal.TaskRestartCallback.onSuccess(TaskRestartCallback.scala:74)
	at monix.eval.internal.TaskExecuteOn$AsyncRegister$$anon$1.run(TaskExecuteOn.scala:71)
	at java.util.concurrent.ForkJoinTask$RunnableExecuteAction.exec(ForkJoinTask.java:1402)
	at java.util.concurrent.ForkJoinTask.doExec(ForkJoinTask.java:289)
	at java.util.concurrent.ForkJoinPool$WorkQueue.runTask(ForkJoinPool.java:1056)
	at java.util.concurrent.ForkJoinPool.runWorker(ForkJoinPool.java:1692)
	at java.util.concurrent.ForkJoinWorkerThread.run(ForkJoinWorkerThread.java:175)

2023.11.06 13:16:55 ERROR Build server error: An input/output error occurred.
2023.11.06 13:16:55 ERROR Build server error: Consult the following stack trace for details.
2023.11.06 13:16:55 ERROR Build server error: java.io.FileNotFoundException: /Users/acabase/Downloads/New Folder With Items/coincap-backend/target/scala-2.13/routes/main/controllers/routes.java (No such file or directory)
2023.11.06 13:16:55 ERROR Build server error: 	at java.io.FileInputStream.open0(Native Method)
2023.11.06 13:16:55 ERROR Build server error: 	at java.io.FileInputStream.open(FileInputStream.java:195)
2023.11.06 13:16:55 ERROR Build server error: 	at java.io.FileInputStream.<init>(FileInputStream.java:138)
2023.11.06 13:16:55 ERROR Build server error: 	at com.sun.tools.javac.file.RegularFileObject.getCharContent(RegularFileObject.java:112)
2023.11.06 13:16:55 ERROR Build server error: 	at com.sun.tools.javac.file.RegularFileObject.getCharContent(RegularFileObject.java:53)
2023.11.06 13:16:55 ERROR Build server error: 	at sbt.internal.inc.javac.DiagnosticsReporter$PositionImpl$.apply(DiagnosticsReporter.scala:226)
2023.11.06 13:16:55 ERROR Build server error: 	at sbt.internal.inc.javac.DiagnosticsReporter.report(DiagnosticsReporter.scala:50)
2023.11.06 13:16:55 ERROR Build server error: 	at com.sun.tools.javac.api.ClientCodeWrapper$WrappedDiagnosticListener.report(ClientCodeWrapper.java:593)
2023.11.06 13:16:55 ERROR Build server error: 	at com.sun.tools.javac.util.Log.writeDiagnostic(Log.java:616)
2023.11.06 13:16:55 ERROR Build server error: 	at com.sun.tools.javac.util.Log$DefaultDiagnosticHandler.report(Log.java:600)
2023.11.06 13:16:55 ERROR Build server error: 	at com.sun.tools.javac.util.Log$DeferredDiagnosticHandler.reportDeferredDiagnostics(Log.java:161)
2023.11.06 13:16:55 ERROR Build server error: 	at com.sun.tools.javac.util.Log$DeferredDiagnosticHandler.reportDeferredDiagnostics(Log.java:153)
2023.11.06 13:16:55 ERROR Build server error: 	at com.sun.tools.javac.main.JavaCompiler.processAnnotations(JavaCompiler.java:1090)
2023.11.06 13:16:55 ERROR Build server error: 	at com.sun.tools.javac.main.JavaCompiler.compile(JavaCompiler.java:856)
2023.11.06 13:16:55 ERROR Build server error: 	at com.sun.tools.javac.main.Main.compile(Main.java:523)
2023.11.06 13:16:55 ERROR Build server error: 	at com.sun.tools.javac.api.JavacTaskImpl.doCall(JavacTaskImpl.java:129)
2023.11.06 13:16:55 ERROR Build server error: 	at com.sun.tools.javac.api.JavacTaskImpl.call(JavacTaskImpl.java:138)
2023.11.06 13:16:55 ERROR Build server error: 	at bloop.CompilerCache$BloopJavaCompiler.run(CompilerCache.scala:299)
2023.11.06 13:16:55 ERROR Build server error: 	at sbt.internal.inc.javac.AnalyzingJavaCompiler.$anonfun$compile$12(AnalyzingJavaCompiler.scala:172)
2023.11.06 13:16:55 ERROR Build server error: 	at scala.runtime.java8.JFunction0$mcV$sp.apply(JFunction0$mcV$sp.java:23)
2023.11.06 13:16:55 ERROR Build server error: 	at sbt.internal.inc.javac.AnalyzingJavaCompiler.timed(AnalyzingJavaCompiler.scala:262)
2023.11.06 13:16:55 ERROR Build server error: 	at sbt.internal.inc.javac.AnalyzingJavaCompiler.compile(AnalyzingJavaCompiler.scala:161)
2023.11.06 13:16:55 ERROR Build server error: 	at sbt.internal.inc.bloop.internal.BloopHighLevelCompiler.$anonfun$compile$9(BloopHighLevelCompiler.scala:171)
2023.11.06 13:16:55 ERROR Build server error: 	at scala.runtime.java8.JFunction0$mcV$sp.apply(JFunction0$mcV$sp.java:23)
2023.11.06 13:16:55 ERROR Build server error: 	at sbt.internal.inc.bloop.internal.BloopHighLevelCompiler.$anonfun$compile$1(BloopHighLevelCompiler.scala:71)
2023.11.06 13:16:55 ERROR Build server error: 	at bloop.tracing.BraveTracer.traceInternal(BraveTracer.scala:67)
2023.11.06 13:16:56 ERROR Build server error: 	at bloop.tracing.BraveTracer.trace(BraveTracer.scala:41)
2023.11.06 13:16:56 ERROR Build server error: 	at sbt.internal.inc.bloop.internal.BloopHighLevelCompiler.timed$1(BloopHighLevelCompiler.scala:70)
2023.11.06 13:16:56 ERROR Build server error: 	at sbt.internal.inc.bloop.internal.BloopHighLevelCompiler.$anonfun$compile$8(BloopHighLevelCompiler.scala:164)
2023.11.06 13:16:56 ERROR Build server error: 	at scala.runtime.java8.JFunction0$mcV$sp.apply(JFunction0$mcV$sp.java:23)
2023.11.06 13:16:56 ERROR Build server error: 	at monix.eval.internal.TaskRunLoop$.startFull(TaskRunLoop.scala:81)
2023.11.06 13:16:56 ERROR Build server error: 	at monix.eval.internal.TaskRestartCallback.syncOnSuccess(TaskRestartCallback.scala:101)
2023.11.06 13:16:56 ERROR Build server error: 	at monix.eval.internal.TaskRestartCallback.onSuccess(TaskRestartCallback.scala:74)
2023.11.06 13:16:56 ERROR Build server error: 	at monix.eval.internal.TaskExecuteOn$AsyncRegister$$anon$1.run(TaskExecuteOn.scala:71)
2023.11.06 13:16:56 ERROR Build server error: 	at java.util.concurrent.ForkJoinTask$RunnableExecuteAction.exec(ForkJoinTask.java:1402)
2023.11.06 13:16:56 ERROR Build server error: 	at java.util.concurrent.ForkJoinTask.doExec(ForkJoinTask.java:289)
2023.11.06 13:16:56 ERROR Build server error: 	at java.util.concurrent.ForkJoinPool$WorkQueue.runTask(ForkJoinPool.java:1056)
2023.11.06 13:16:56 ERROR Build server error: 	at java.util.concurrent.ForkJoinPool.runWorker(ForkJoinPool.java:1692)
2023.11.06 13:16:56 ERROR Build server error: 	at java.util.concurrent.ForkJoinWorkerThread.run(ForkJoinWorkerThread.java:175)
2023.11.06 13:16:56 INFO  compiling root (2 scala sources)
2023.11.06 13:16:56 INFO  time: compiled root in 0.17s
2023.11.06 13:16:56 INFO  compiling root (2 scala sources)
Nov 06, 2023 1:16:57 PM org.eclipse.lsp4j.jsonrpc.RemoteEndpoint handleCancellation
WARNING: Unmatched cancel notification for request id 3695
Nov 06, 2023 1:16:57 PM org.eclipse.lsp4j.jsonrpc.RemoteEndpoint handleCancellation
WARNING: Unmatched cancel notification for request id 3696
2023.11.06 13:16:57 INFO  time: compiled root in 0.64s
2023.11.06 13:17:05 INFO  compiling root (2 scala sources)
2023.11.06 13:17:06 INFO  time: compiled root in 1.43s
Nov 06, 2023 1:17:30 PM org.eclipse.lsp4j.jsonrpc.RemoteEndpoint handleCancellation
WARNING: Unmatched cancel notification for request id 3783
2023.11.06 13:17:32 INFO  compiling root (2 scala sources)
2023.11.06 13:17:33 INFO  time: compiled root in 1.12s
2023.11.06 13:17:45 INFO  compiling root (2 scala sources)
2023.11.06 13:17:46 INFO  time: compiled root in 1.07s
Nov 06, 2023 1:18:05 PM org.eclipse.lsp4j.jsonrpc.RemoteEndpoint handleCancellation
WARNING: Unmatched cancel notification for request id 3825
Nov 06, 2023 1:18:05 PM org.eclipse.lsp4j.jsonrpc.RemoteEndpoint handleCancellation
WARNING: Unmatched cancel notification for request id 3826
Nov 06, 2023 1:18:43 PM org.eclipse.lsp4j.jsonrpc.RemoteEndpoint handleCancellation
WARNING: Unmatched cancel notification for request id 3836
2023.11.06 13:19:21 INFO  compiling root (2 scala sources)
2023.11.06 13:19:23 INFO  time: compiled root in 1.47s
Nov 06, 2023 1:19:39 PM org.eclipse.lsp4j.jsonrpc.RemoteEndpoint handleCancellation
WARNING: Unmatched cancel notification for request id 3887
Nov 06, 2023 1:19:39 PM org.eclipse.lsp4j.jsonrpc.RemoteEndpoint handleCancellation
WARNING: Unmatched cancel notification for request id 3888
Nov 06, 2023 1:19:40 PM org.eclipse.lsp4j.jsonrpc.RemoteEndpoint handleCancellation
WARNING: Unmatched cancel notification for request id 3895
2023.11.06 13:19:48 INFO  compiling root (2 scala sources)
2023.11.06 13:19:51 WARN  Using indexes to guess the definition of findById
2023.11.06 13:19:55 INFO  time: compiled root in 7.13s
2023.11.06 13:20:21 INFO  compiling root (8 scala sources and 1 java source)
2023.11.06 13:20:29 INFO  time: compiled root in 8.5s
2023.11.06 13:20:29 INFO  compiling root (8 scala sources and 1 java source)
2023.11.06 13:20:35 INFO  time: compiled root in 5.96s
2023.11.06 13:22:39 INFO  compiling root (8 scala sources and 1 java source)
2023.11.06 13:22:42 INFO  time: compiled root in 2.14s
2023.11.06 13:24:14 INFO  compiling root (8 scala sources and 1 java source)
2023.11.06 13:24:15 INFO  time: compiled root in 1.55s
2023.11.06 13:26:05 INFO  compiling root (8 scala sources and 1 java source)
2023.11.06 13:26:15 INFO  time: compiled root in 9.55s
2023.11.06 13:28:32 INFO  compiling root (8 scala sources and 1 java source)
2023.11.06 13:28:35 INFO  time: compiled root in 3.15s
2023.11.06 13:28:35 INFO  compiling root (8 scala sources and 1 java source)
2023.11.06 13:28:36 INFO  time: compiled root in 1.12s
2023.11.06 13:28:46 INFO  compiling root (8 scala sources and 1 java source)
2023.11.06 13:28:47 INFO  time: compiled root in 1.45s
Nov 06, 2023 1:29:03 PM org.eclipse.lsp4j.jsonrpc.RemoteEndpoint handleCancellation
WARNING: Unmatched cancel notification for request id 4258
Nov 06, 2023 1:29:05 PM org.eclipse.lsp4j.jsonrpc.RemoteEndpoint handleCancellation
WARNING: Unmatched cancel notification for request id 4265
Nov 06, 2023 1:29:05 PM org.eclipse.lsp4j.jsonrpc.RemoteEndpoint handleCancellation
WARNING: Unmatched cancel notification for request id 4268
2023.11.06 13:29:14 INFO  compiling root (8 scala sources and 1 java source)
2023.11.06 13:29:16 INFO  time: compiled root in 1.95s
2023.11.06 13:29:56 INFO  compiling root (8 scala sources and 1 java source)
2023.11.06 13:29:57 INFO  time: compiled root in 1.56s
2023.11.06 13:30:29 INFO  compiling root (8 scala sources and 1 java source)
2023.11.06 13:30:31 INFO  time: compiled root in 1.78s
2023.11.06 13:30:38 INFO  compiling root (8 scala sources and 1 java source)
2023.11.06 13:30:39 INFO  time: compiled root in 1.55s
2023.11.06 13:30:48 INFO  compiling root (8 scala sources and 1 java source)
2023.11.06 13:30:49 INFO  time: compiled root in 1.3s
2023.11.06 13:31:22 INFO  compiling root (8 scala sources and 1 java source)
2023.11.06 13:31:24 INFO  time: compiled root in 1.63s
2023.11.06 13:31:28 INFO  compiling root (8 scala sources and 1 java source)
2023.11.06 13:31:30 INFO  time: compiled root in 1.62s
Nov 06, 2023 1:33:30 PM org.eclipse.lsp4j.jsonrpc.RemoteEndpoint handleCancellation
WARNING: Unmatched cancel notification for request id 4527
Nov 06, 2023 1:34:09 PM org.eclipse.lsp4j.jsonrpc.RemoteEndpoint handleCancellation
WARNING: Unmatched cancel notification for request id 4659
2023.11.06 13:34:15 INFO  compiling root (8 scala sources and 1 java source)
2023.11.06 13:34:17 INFO  time: compiled root in 2.19s
2023.11.06 13:37:06 INFO  compiling root (8 scala sources and 1 java source)
2023.11.06 13:37:07 INFO  time: compiled root in 1.58s
Nov 06, 2023 1:37:10 PM org.eclipse.lsp4j.jsonrpc.RemoteEndpoint handleCancellation
WARNING: Unmatched cancel notification for request id 4728
Nov 06, 2023 1:37:10 PM org.eclipse.lsp4j.jsonrpc.RemoteEndpoint handleCancellation
WARNING: Unmatched cancel notification for request id 4727
Nov 06, 2023 1:37:10 PM org.eclipse.lsp4j.jsonrpc.RemoteEndpoint handleCancellation
WARNING: Unmatched cancel notification for request id 4731
Nov 06, 2023 1:37:10 PM org.eclipse.lsp4j.jsonrpc.RemoteEndpoint handleCancellation
WARNING: Unmatched cancel notification for request id 4729
2023.11.06 13:37:11 INFO  compiling root (8 scala sources and 1 java source)
2023.11.06 13:37:12 INFO  time: compiled root in 1.29s
2023.11.06 13:37:14 INFO  time: code lens generation in 1.42s
Nov 06, 2023 1:37:29 PM org.eclipse.lsp4j.jsonrpc.RemoteEndpoint handleCancellation
WARNING: Unmatched cancel notification for request id 4795
Nov 06, 2023 1:37:31 PM org.eclipse.lsp4j.jsonrpc.RemoteEndpoint handleCancellation
WARNING: Unmatched cancel notification for request id 4801
2023.11.06 13:37:37 INFO  compiling root (8 scala sources and 1 java source)
2023.11.06 13:37:38 INFO  time: compiled root in 1.66s
2023.11.06 13:37:46 INFO  compiling root (8 scala sources and 1 java source)
2023.11.06 13:37:48 INFO  time: compiled root in 1.17s
2023.11.06 13:38:07 INFO  compiling root (8 scala sources and 1 java source)
2023.11.06 13:38:09 INFO  time: compiled root in 2.32s
2023.11.06 13:40:04 INFO  compiling root (8 scala sources and 1 java source)
2023.11.06 13:40:05 INFO  time: compiled root in 1.35s
2023.11.06 13:40:35 INFO  compiling root (8 scala sources and 1 java source)
2023.11.06 13:40:41 INFO  time: compiled root in 6.32s
2023.11.06 13:40:41 INFO  compiling root (8 scala sources and 1 java source)
2023.11.06 13:40:45 INFO  time: compiled root in 4.32s
2023.11.06 13:42:03 INFO  compiling root (8 scala sources and 1 java source)
2023.11.06 13:42:05 INFO  time: compiled root in 1.89s
Nov 06, 2023 1:42:12 PM org.eclipse.lsp4j.jsonrpc.RemoteEndpoint handleCancellation
WARNING: Unmatched cancel notification for request id 4992
Nov 06, 2023 1:42:13 PM org.eclipse.lsp4j.jsonrpc.RemoteEndpoint handleCancellation
WARNING: Unmatched cancel notification for request id 4995
2023.11.06 13:42:21 INFO  compiling root (8 scala sources and 1 java source)
2023.11.06 13:42:23 INFO  time: compiled root in 1.69s
2023.11.06 13:42:42 INFO  compiling root (8 scala sources and 1 java source)
2023.11.06 13:42:43 INFO  time: compiled root in 1.74s
Nov 06, 2023 1:43:54 PM org.eclipse.lsp4j.jsonrpc.RemoteEndpoint handleCancellation
WARNING: Unmatched cancel notification for request id 5131
Nov 06, 2023 1:43:55 PM org.eclipse.lsp4j.jsonrpc.RemoteEndpoint handleCancellation
WARNING: Unmatched cancel notification for request id 5130
Nov 06, 2023 1:43:55 PM org.eclipse.lsp4j.jsonrpc.RemoteEndpoint handleCancellation
WARNING: Unmatched cancel notification for request id 5133
2023.11.06 13:43:56 INFO  compiling root (8 scala sources and 1 java source)
2023.11.06 13:44:05 INFO  time: compiled root in 8.37s
2023.11.06 13:44:06 INFO  compiling root (8 scala sources and 1 java source)
2023.11.06 13:44:13 INFO  time: compiled root in 6.04s
Nov 06, 2023 1:45:06 PM org.eclipse.lsp4j.jsonrpc.RemoteEndpoint handleNotification
WARNING: Notification threw an exception: {
  "jsonrpc": "2.0",
  "method": "textDocument/didClose",
  "params": {
    "textDocument": {
      "uri": "jar:file%3A///Library/Java/JavaVirtualMachines/adoptopenjdk-8.jdk/Contents/Home/src.zip%21/java/util/UUID.java"
    }
  }
}
java.lang.RuntimeException: java.lang.reflect.InvocationTargetException
	at org.eclipse.lsp4j.jsonrpc.services.GenericEndpoint.lambda$null$0(GenericEndpoint.java:67)
	at org.eclipse.lsp4j.jsonrpc.services.GenericEndpoint.notify(GenericEndpoint.java:152)
	at org.eclipse.lsp4j.jsonrpc.RemoteEndpoint.handleNotification(RemoteEndpoint.java:220)
	at org.eclipse.lsp4j.jsonrpc.RemoteEndpoint.consume(RemoteEndpoint.java:187)
	at org.eclipse.lsp4j.jsonrpc.json.StreamMessageProducer.handleMessage(StreamMessageProducer.java:194)
	at org.eclipse.lsp4j.jsonrpc.json.StreamMessageProducer.listen(StreamMessageProducer.java:94)
	at org.eclipse.lsp4j.jsonrpc.json.ConcurrentMessageProcessor.run(ConcurrentMessageProcessor.java:113)
	at java.util.concurrent.Executors$RunnableAdapter.call(Executors.java:511)
	at java.util.concurrent.FutureTask.run(FutureTask.java:266)
	at java.util.concurrent.ThreadPoolExecutor.runWorker(ThreadPoolExecutor.java:1149)
	at java.util.concurrent.ThreadPoolExecutor$Worker.run(ThreadPoolExecutor.java:624)
	at java.lang.Thread.run(Thread.java:748)
Caused by: java.lang.reflect.InvocationTargetException
	at sun.reflect.NativeMethodAccessorImpl.invoke0(Native Method)
	at sun.reflect.NativeMethodAccessorImpl.invoke(NativeMethodAccessorImpl.java:62)
	at sun.reflect.DelegatingMethodAccessorImpl.invoke(DelegatingMethodAccessorImpl.java:43)
	at java.lang.reflect.Method.invoke(Method.java:498)
	at org.eclipse.lsp4j.jsonrpc.services.GenericEndpoint.lambda$null$0(GenericEndpoint.java:65)
	... 11 more
Caused by: java.lang.NoClassDefFoundError: com/sun/source/tree/Tree
	at scala.meta.internal.pc.JavaPresentationCompiler.<init>(JavaPresentationCompiler.scala:47)
	at scala.meta.internal.metals.Compilers.loadJavaCompilerForTarget(Compilers.scala:953)
	at scala.meta.internal.metals.Compilers.$anonfun$loadJavaCompiler$1(Compilers.scala:922)
	at scala.Option.flatMap(Option.scala:283)
	at scala.meta.internal.metals.Compilers.loadJavaCompiler(Compilers.scala:921)
	at scala.meta.internal.metals.Compilers.fromBuildTarget$1(Compilers.scala:802)
	at scala.meta.internal.metals.Compilers.loadCompiler(Compilers.scala:810)
	at scala.meta.internal.metals.Compilers.didClose(Compilers.scala:216)
	at scala.meta.internal.metals.MetalsLspService.didClose(MetalsLspService.scala:1163)
	at scala.meta.internal.metals.WorkspaceLspService.didClose(WorkspaceLspService.scala:343)
	at scala.meta.metals.lsp.DelegatingScalaService.didClose(DelegatingScalaService.scala:53)
	... 16 more
Caused by: java.lang.ClassNotFoundException: com.sun.source.tree.Tree
	at java.net.URLClassLoader.findClass(URLClassLoader.java:382)
	at java.lang.ClassLoader.loadClass(ClassLoader.java:418)
	at sun.misc.Launcher$AppClassLoader.loadClass(Launcher.java:352)
	at java.lang.ClassLoader.loadClass(ClassLoader.java:351)
	... 27 more

Nov 06, 2023 1:45:06 PM org.eclipse.lsp4j.jsonrpc.RemoteEndpoint handleCancellation
WARNING: Unmatched cancel notification for request id 5176
2023.11.06 13:45:07 ERROR Can't run javac on /var/folders/tz/4bksmph564j0bp03kg3884wh0000gp/T/metals-javac-semanticdb3038343983211683071/source/UUID.java with options: [-cp
/Users/acabase/Library/Caches/Coursier/v1/https/repo1.maven.org/maven2/com/sourcegraph/semanticdb-javac/0.9.6/semanticdb-javac-0.9.6.jar:/Users/acabase/Library/Caches/bloop/semanticdb/com.sourcegraph.semanticdb-javac.0.9.6/semanticdb-javac-0.9.6.jar:/Users/acabase/Library/Caches/Coursier/v1/https/repo1.maven.org/maven2/org/scala-lang/scala-library/2.13.12/scala-library-2.13.12.jar:/Users/acabase/Library/Caches/Coursier/v1/https/repo1.maven.org/maven2/com/typesafe/play/twirl-api_2.13/1.5.1/twirl-api_2.13-1.5.1.jar:/Users/acabase/Library/Caches/Coursier/v1/https/repo1.maven.org/maven2/com/typesafe/play/play-server_2.13/2.8.20/play-server_2.13-2.8.20.jar:/Users/acabase/Library/Caches/Coursier/v1/https/repo1.maven.org/maven2/com/typesafe/play/play-test_2.13/2.8.20/play-test_2.13-2.8.20.jar:/Users/acabase/Library/Caches/Coursier/v1/https/repo1.maven.org/maven2/com/typesafe/play/play-logback_2.13/2.8.20/play-logback_2.13-2.8.20.jar:/Users/acabase/Library/Caches/Coursier/v1/https/repo1.maven.org/maven2/com/typesafe/play/play-akka-http-server_2.13/2.8.20/play-akka-http-server_2.13-2.8.20.jar:/Users/acabase/Library/Caches/Coursier/v1/https/repo1.maven.org/maven2/com/typesafe/play/filters-helpers_2.13/2.8.20/filters-helpers_2.13-2.8.20.jar:/Users/acabase/Library/Caches/Coursier/v1/https/repo1.maven.org/maven2/com/typesafe/play/play-guice_2.13/2.8.20/play-guice_2.13-2.8.20.jar:/Users/acabase/Library/Caches/Coursier/v1/https/repo1.maven.org/maven2/com/typesafe/play/play-ahc-ws_2.13/2.8.20/play-ahc-ws_2.13-2.8.20.jar:/Users/acabase/Library/Caches/Coursier/v1/https/repo1.maven.org/maven2/org/scalatestplus/play/scalatestplus-play_2.13/7.0.0/scalatestplus-play_2.13-7.0.0.jar:/Users/acabase/Library/Caches/Coursier/v1/https/repo1.maven.org/maven2/com/typesafe/play/play-slick_2.13/5.0.0/play-slick_2.13-5.0.0.jar:/Users/acabase/Library/Caches/Coursier/v1/https/repo1.maven.org/maven2/com/h2database/h2/1.4.200/h2-1.4.200.jar:/Users/acabase/Library/Caches/Coursier/v1/https/repo1.maven.org/maven2/ch/qos/logback/logback-classic/1.4.11/logback-classic-1.4.11.jar:/Users/acabase/Library/Caches/Coursier/v1/https/repo1.maven.org/maven2/org/postgresql/postgresql/42.5.1/postgresql-42.5.1.jar:/Users/acabase/Library/Caches/Coursier/v1/https/repo1.maven.org/maven2/org/scala-lang/modules/scala-xml_2.13/2.2.0/scala-xml_2.13-2.2.0.jar:/Users/acabase/Library/Caches/Coursier/v1/https/repo1.maven.org/maven2/com/typesafe/play/play_2.13/2.8.20/play_2.13-2.8.20.jar:/Users/acabase/Library/Caches/Coursier/v1/https/repo1.maven.org/maven2/junit/junit/4.13.2/junit-4.13.2.jar:/Users/acabase/Library/Caches/Coursier/v1/https/repo1.maven.org/maven2/com/novocode/junit-interface/0.11/junit-interface-0.11.jar:/Users/acabase/Library/Caches/Coursier/v1/https/repo1.maven.org/maven2/com/google/guava/guava/32.1.3-jre/guava-32.1.3-jre.jar:/Users/acabase/Library/Caches/Coursier/v1/https/repo1.maven.org/maven2/com/google/code/findbugs/jsr305/3.0.2/jsr305-3.0.2.jar:/Users/acabase/Library/Caches/Coursier/v1/https/repo1.maven.org/maven2/org/fluentlenium/fluentlenium-core/3.7.1/fluentlenium-core-3.7.1.jar:/Users/acabase/Library/Caches/Coursier/v1/https/repo1.maven.org/maven2/org/seleniumhq/selenium/htmlunit-driver/4.13.0/htmlunit-driver-4.13.0.jar:/Users/acabase/Library/Caches/Coursier/v1/https/repo1.maven.org/maven2/org/seleniumhq/selenium/selenium-api/4.14.1/selenium-api-4.14.1.jar:/Users/acabase/Library/Caches/Coursier/v1/https/repo1.maven.org/maven2/org/seleniumhq/selenium/selenium-support/4.14.1/selenium-support-4.14.1.jar:/Users/acabase/Library/Caches/Coursier/v1/https/repo1.maven.org/maven2/org/seleniumhq/selenium/selenium-firefox-driver/4.14.1/selenium-firefox-driver-4.14.1.jar:/Users/acabase/Library/Caches/Coursier/v1/https/repo1.maven.org/maven2/com/google/inject/guice/6.0.0/guice-6.0.0.jar:/Users/acabase/Library/Caches/Coursier/v1/https/repo1.maven.org/maven2/com/google/inject/extensions/guice-assistedinject/6.0.0/guice-assistedinject-6.0.0.jar:/Users/acabase/Library/Caches/Coursier/v1/https/repo1.maven.org/maven2/com/typesafe/play/play-streams_2.13/2.8.20/play-streams_2.13-2.8.20.jar:/Users/acabase/Library/Caches/Coursier/v1/https/repo1.maven.org/maven2/com/typesafe/akka/akka-http-core_2.13/10.1.15/akka-http-core_2.13-10.1.15.jar:/Users/acabase/Library/Caches/Coursier/v1/https/repo1.maven.org/maven2/com/typesafe/play/play-ws_2.13/2.8.20/play-ws_2.13-2.8.20.jar:/Users/acabase/Library/Caches/Coursier/v1/https/repo1.maven.org/maven2/com/typesafe/play/play-ahc-ws-standalone_2.13/2.1.11/play-ahc-ws-standalone_2.13-2.1.11.jar:/Users/acabase/Library/Caches/Coursier/v1/https/repo1.maven.org/maven2/com/typesafe/play/shaded-asynchttpclient/2.1.11/shaded-asynchttpclient-2.1.11.jar:/Users/acabase/Library/Caches/Coursier/v1/https/repo1.maven.org/maven2/com/typesafe/play/shaded-oauth/2.1.11/shaded-oauth-2.1.11.jar:/Users/acabase/Library/Caches/Coursier/v1/https/repo1.maven.org/maven2/javax/cache/cache-api/1.1.1/cache-api-1.1.1.jar:/Users/acabase/Library/Caches/Coursier/v1/https/repo1.maven.org/maven2/org/playframework/play-ahc-ws_2.13/3.0.0/play-ahc-ws_2.13-3.0.0.jar:/Users/acabase/Library/Caches/Coursier/v1/https/repo1.maven.org/maven2/org/playframework/play-test_2.13/3.0.0/play-test_2.13-3.0.0.jar:/Users/acabase/Library/Caches/Coursier/v1/https/repo1.maven.org/maven2/org/scalatest/scalatest_2.13/3.2.17/scalatest_2.13-3.2.17.jar:/Users/acabase/Library/Caches/Coursier/v1/https/repo1.maven.org/maven2/org/scalatestplus/mockito-4-11_2.13/3.2.17.0/mockito-4-11_2.13-3.2.17.0.jar:/Users/acabase/Library/Caches/Coursier/v1/https/repo1.maven.org/maven2/org/scalatestplus/selenium-4-12_2.13/3.2.17.0/selenium-4-12_2.13-3.2.17.0.jar:/Users/acabase/Library/Caches/Coursier/v1/https/repo1.maven.org/maven2/org/seleniumhq/selenium/selenium-java/4.14.1/selenium-java-4.14.1.jar:/Users/acabase/Library/Caches/Coursier/v1/https/repo1.maven.org/maven2/net/sourceforge/htmlunit/htmlunit-cssparser/1.14.0/htmlunit-cssparser-1.14.0.jar:/Users/acabase/Library/Caches/Coursier/v1/https/repo1.maven.org/maven2/com/typesafe/slick/slick_2.13/3.3.2/slick_2.13-3.3.2.jar:/Users/acabase/Library/Caches/Coursier/v1/https/repo1.maven.org/maven2/com/typesafe/slick/slick-hikaricp_2.13/3.3.2/slick-hikaricp_2.13-3.3.2.jar:/Users/acabase/Library/Caches/Coursier/v1/https/repo1.maven.org/maven2/com/typesafe/play/play-jdbc-api_2.13/2.8.0/play-jdbc-api_2.13-2.8.0.jar:/Users/acabase/Library/Caches/Coursier/v1/https/repo1.maven.org/maven2/ch/qos/logback/logback-core/1.4.11/logback-core-1.4.11.jar:/Users/acabase/Library/Caches/Coursier/v1/https/repo1.maven.org/maven2/org/slf4j/slf4j-api/2.0.9/slf4j-api-2.0.9.jar:/Users/acabase/Library/Caches/Coursier/v1/https/repo1.maven.org/maven2/org/checkerframework/checker-qual/3.37.0/checker-qual-3.37.0.jar:/Users/acabase/Library/Caches/Coursier/v1/https/repo1.maven.org/maven2/com/typesafe/play/build-link/2.8.20/build-link-2.8.20.jar:/Users/acabase/Library/Caches/Coursier/v1/https/repo1.maven.org/maven2/org/slf4j/jul-to-slf4j/2.0.9/jul-to-slf4j-2.0.9.jar:/Users/acabase/Library/Caches/Coursier/v1/https/repo1.maven.org/maven2/org/slf4j/jcl-over-slf4j/2.0.9/jcl-over-slf4j-2.0.9.jar:/Users/acabase/Library/Caches/Coursier/v1/https/repo1.maven.org/maven2/com/typesafe/akka/akka-actor_2.13/2.6.21/akka-actor_2.13-2.6.21.jar:/Users/acabase/Library/Caches/Coursier/v1/https/repo1.maven.org/maven2/com/typesafe/akka/akka-actor-typed_2.13/2.6.21/akka-actor-typed_2.13-2.6.21.jar:/Users/acabase/Library/Caches/Coursier/v1/https/repo1.maven.org/maven2/com/typesafe/akka/akka-slf4j_2.13/2.6.21/akka-slf4j_2.13-2.6.21.jar:/Users/acabase/Library/Caches/Coursier/v1/https/repo1.maven.org/maven2/com/typesafe/akka/akka-serialization-jackson_2.13/2.6.21/akka-serialization-jackson_2.13-2.6.21.jar:/Users/acabase/Library/Caches/Coursier/v1/https/repo1.maven.org/maven2/com/fasterxml/jackson/core/jackson-core/2.14.3/jackson-core-2.14.3.jar:/Users/acabase/Library/Caches/Coursier/v1/https/repo1.maven.org/maven2/com/fasterxml/jackson/core/jackson-annotations/2.14.3/jackson-annotations-2.14.3.jar:/Users/acabase/Library/Caches/Coursier/v1/https/repo1.maven.org/maven2/com/fasterxml/jackson/datatype/jackson-datatype-jdk8/2.14.3/jackson-datatype-jdk8-2.14.3.jar:/Users/acabase/Library/Caches/Coursier/v1/https/repo1.maven.org/maven2/com/fasterxml/jackson/datatype/jackson-datatype-jsr310/2.14.3/jackson-datatype-jsr310-2.14.3.jar:/Users/acabase/Library/Caches/Coursier/v1/https/repo1.maven.org/maven2/com/fasterxml/jackson/core/jackson-databind/2.14.3/jackson-databind-2.14.3.jar:/Users/acabase/Library/Caches/Coursier/v1/https/repo1.maven.org/maven2/com/typesafe/play/play-json_2.13/2.8.2/play-json_2.13-2.8.2.jar:/Users/acabase/Library/Caches/Coursier/v1/https/repo1.maven.org/maven2/io/jsonwebtoken/jjwt/0.9.1/jjwt-0.9.1.jar:/Users/acabase/Library/Caches/Coursier/v1/https/repo1.maven.org/maven2/jakarta/xml/bind/jakarta.xml.bind-api/2.3.3/jakarta.xml.bind-api-2.3.3.jar:/Users/acabase/Library/Caches/Coursier/v1/https/repo1.maven.org/maven2/jakarta/transaction/jakarta.transaction-api/1.3.3/jakarta.transaction-api-1.3.3.jar:/Users/acabase/Library/Caches/Coursier/v1/https/repo1.maven.org/maven2/javax/inject/javax.inject/1/javax.inject-1.jar:/Users/acabase/Library/Caches/Coursier/v1/https/repo1.maven.org/maven2/org/scala-lang/modules/scala-java8-compat_2.13/1.0.2/scala-java8-compat_2.13-1.0.2.jar:/Users/acabase/Library/Caches/Coursier/v1/https/repo1.maven.org/maven2/com/typesafe/ssl-config-core_2.13/0.6.1/ssl-config-core_2.13-0.6.1.jar:/Users/acabase/Library/Caches/Coursier/v1/https/repo1.maven.org/maven2/org/scala-lang/modules/scala-parser-combinators_2.13/1.1.2/scala-parser-combinators_2.13-1.1.2.jar:/Users/acabase/Library/Caches/Coursier/v1/https/repo1.maven.org/maven2/org/hamcrest/hamcrest-core/1.3/hamcrest-core-1.3.jar:/Users/acabase/Library/Caches/Coursier/v1/https/repo1.maven.org/maven2/org/scala-sbt/test-interface/1.0/test-interface-1.0.jar:/Users/acabase/Library/Caches/Coursier/v1/https/repo1.maven.org/maven2/com/google/guava/failureaccess/1.0.1/failureaccess-1.0.1.jar:/Users/acabase/Library/Caches/Coursier/v1/https/repo1.maven.org/maven2/com/google/guava/listenablefuture/9999.0-empty-to-avoid-conflict-with-guava/listenablefuture-9999.0-empty-to-avoid-conflict-with-guava.jar:/Users/acabase/Library/Caches/Coursier/v1/https/repo1.maven.org/maven2/com/google/errorprone/error_prone_annotations/2.21.1/error_prone_annotations-2.21.1.jar:/Users/acabase/Library/Caches/Coursier/v1/https/repo1.maven.org/maven2/com/google/j2objc/j2objc-annotations/2.8/j2objc-annotations-2.8.jar:/Users/acabase/Library/Caches/Coursier/v1/https/repo1.maven.org/maven2/org/seleniumhq/selenium/selenium-remote-driver/4.14.1/selenium-remote-driver-4.14.1.jar:/Users/acabase/Library/Caches/Coursier/v1/https/repo1.maven.org/maven2/org/atteo/classindex/classindex/3.13/classindex-3.13.jar:/Users/acabase/Library/Caches/Coursier/v1/https/repo1.maven.org/maven2/commons-io/commons-io/2.11.0/commons-io-2.11.0.jar:/Users/acabase/Library/Caches/Coursier/v1/https/repo1.maven.org/maven2/org/apache/commons/commons-lang3/3.12.0/commons-lang3-3.12.0.jar:/Users/acabase/Library/Caches/Coursier/v1/https/repo1.maven.org/maven2/org/apache/httpcomponents/httpclient/4.5.14/httpclient-4.5.14.jar:/Users/acabase/Library/Caches/Coursier/v1/https/repo1.maven.org/maven2/net/sourceforge/htmlunit/htmlunit/2.70.0/htmlunit-2.70.0.jar:/Users/acabase/Library/Caches/Coursier/v1/https/repo1.maven.org/maven2/com/google/auto/service/auto-service-annotations/1.1.1/auto-service-annotations-1.1.1.jar:/Users/acabase/Library/Caches/Coursier/v1/https/repo1.maven.org/maven2/net/bytebuddy/byte-buddy/1.14.5/byte-buddy-1.14.5.jar:/Users/acabase/Library/Caches/Coursier/v1/https/repo1.maven.org/maven2/org/seleniumhq/selenium/selenium-json/4.14.1/selenium-json-4.14.1.jar:/Users/acabase/Library/Caches/Coursier/v1/https/repo1.maven.org/maven2/org/seleniumhq/selenium/selenium-devtools-v85/4.14.1/selenium-devtools-v85-4.14.1.jar:/Users/acabase/Library/Caches/Coursier/v1/https/repo1.maven.org/maven2/org/seleniumhq/selenium/selenium-http/4.14.1/selenium-http-4.14.1.jar:/Users/acabase/Library/Caches/Coursier/v1/https/repo1.maven.org/maven2/org/seleniumhq/selenium/selenium-manager/4.14.1/selenium-manager-4.14.1.jar:/Users/acabase/Library/Caches/Coursier/v1/https/repo1.maven.org/maven2/jakarta/inject/jakarta.inject-api/2.0.1/jakarta.inject-api-2.0.1.jar:/Users/acabase/Library/Caches/Coursier/v1/https/repo1.maven.org/maven2/aopalliance/aopalliance/1.0/aopalliance-1.0.jar:/Users/acabase/Library/Caches/Coursier/v1/https/repo1.maven.org/maven2/org/reactivestreams/reactive-streams/1.0.4/reactive-streams-1.0.4.jar:/Users/acabase/Library/Caches/Coursier/v1/https/repo1.maven.org/maven2/com/typesafe/akka/akka-stream_2.13/2.6.21/akka-stream_2.13-2.6.21.jar:/Users/acabase/Library/Caches/Coursier/v1/https/repo1.maven.org/maven2/com/typesafe/akka/akka-parsing_2.13/10.1.15/akka-parsing_2.13-10.1.15.jar:/Users/acabase/Library/Caches/Coursier/v1/https/repo1.maven.org/maven2/com/typesafe/play/play-ws-standalone_2.13/2.1.11/play-ws-standalone_2.13-2.1.11.jar:/Users/acabase/Library/Caches/Coursier/v1/https/repo1.maven.org/maven2/com/typesafe/play/play-ws-standalone-xml_2.13/2.1.11/play-ws-standalone-xml_2.13-2.1.11.jar:/Users/acabase/Library/Caches/Coursier/v1/https/repo1.maven.org/maven2/com/typesafe/play/play-ws-standalone-json_2.13/2.1.11/play-ws-standalone-json_2.13-2.1.11.jar:/Users/acabase/Library/Caches/Coursier/v1/https/repo1.maven.org/maven2/com/typesafe/play/cachecontrol_2.13/2.0.0/cachecontrol_2.13-2.0.0.jar:/Users/acabase/Library/Caches/Coursier/v1/https/repo1.maven.org/maven2/org/playframework/play-ws_2.13/3.0.0/play-ws_2.13-3.0.0.jar:/Users/acabase/Library/Caches/Coursier/v1/https/repo1.maven.org/maven2/org/playframework/play-ahc-ws-standalone_2.13/3.0.0/play-ahc-ws-standalone_2.13-3.0.0.jar:/Users/acabase/Library/Caches/Coursier/v1/https/repo1.maven.org/maven2/org/playframework/shaded-asynchttpclient/3.0.0/shaded-asynchttpclient-3.0.0.jar:/Users/acabase/Library/Caches/Coursier/v1/https/repo1.maven.org/maven2/org/playframework/shaded-oauth/3.0.0/shaded-oauth-3.0.0.jar:/Users/acabase/Library/Caches/Coursier/v1/https/repo1.maven.org/maven2/org/playframework/play-guice_2.13/3.0.0/play-guice_2.13-3.0.0.jar:/Users/acabase/Library/Caches/Coursier/v1/https/repo1.maven.org/maven2/org/playframework/play-server_2.13/3.0.0/play-server_2.13-3.0.0.jar:/Users/acabase/Library/Caches/Coursier/v1/https/repo1.maven.org/maven2/com/github/sbt/junit-interface/0.13.3/junit-interface-0.13.3.jar:/Users/acabase/Library/Caches/Coursier/v1/https/repo1.maven.org/maven2/io/fluentlenium/fluentlenium-core/6.0.0/fluentlenium-core-6.0.0.jar:/Users/acabase/Library/Caches/Coursier/v1/https/repo1.maven.org/maven2/org/scalatest/scalatest-core_2.13/3.2.17/scalatest-core_2.13-3.2.17.jar:/Users/acabase/Library/Caches/Coursier/v1/https/repo1.maven.org/maven2/org/scalatest/scalatest-featurespec_2.13/3.2.17/scalatest-featurespec_2.13-3.2.17.jar:/Users/acabase/Library/Caches/Coursier/v1/https/repo1.maven.org/maven2/org/scalatest/scalatest-flatspec_2.13/3.2.17/scalatest-flatspec_2.13-3.2.17.jar:/Users/acabase/Library/Caches/Coursier/v1/https/repo1.maven.org/maven2/org/scalatest/scalatest-freespec_2.13/3.2.17/scalatest-freespec_2.13-3.2.17.jar:/Users/acabase/Library/Caches/Coursier/v1/https/repo1.maven.org/maven2/org/scalatest/scalatest-funsuite_2.13/3.2.17/scalatest-funsuite_2.13-3.2.17.jar:/Users/acabase/Library/Caches/Coursier/v1/https/repo1.maven.org/maven2/org/scalatest/scalatest-funspec_2.13/3.2.17/scalatest-funspec_2.13-3.2.17.jar:/Users/acabase/Library/Caches/Coursier/v1/https/repo1.maven.org/maven2/org/scalatest/scalatest-propspec_2.13/3.2.17/scalatest-propspec_2.13-3.2.17.jar:/Users/acabase/Library/Caches/Coursier/v1/https/repo1.maven.org/maven2/org/scalatest/scalatest-refspec_2.13/3.2.17/scalatest-refspec_2.13-3.2.17.jar:/Users/acabase/Library/Caches/Coursier/v1/https/repo1.maven.org/maven2/org/scalatest/scalatest-wordspec_2.13/3.2.17/scalatest-wordspec_2.13-3.2.17.jar:/Users/acabase/Library/Caches/Coursier/v1/https/repo1.maven.org/maven2/org/scalatest/scalatest-diagrams_2.13/3.2.17/scalatest-diagrams_2.13-3.2.17.jar:/Users/acabase/Library/Caches/Coursier/v1/https/repo1.maven.org/maven2/org/scalatest/scalatest-matchers-core_2.13/3.2.17/scalatest-matchers-core_2.13-3.2.17.jar:/Users/acabase/Library/Caches/Coursier/v1/https/repo1.maven.org/maven2/org/scalatest/scalatest-shouldmatchers_2.13/3.2.17/scalatest-shouldmatchers_2.13-3.2.17.jar:/Users/acabase/Library/Caches/Coursier/v1/https/repo1.maven.org/maven2/org/scalatest/scalatest-mustmatchers_2.13/3.2.17/scalatest-mustmatchers_2.13-3.2.17.jar:/Users/acabase/Library/Caches/Coursier/v1/https/repo1.maven.org/maven2/org/scala-lang/scala-reflect/2.13.12/scala-reflect-2.13.12.jar:/Users/acabase/Library/Caches/Coursier/v1/https/repo1.maven.org/maven2/org/mockito/mockito-core/4.11.0/mockito-core-4.11.0.jar:/Users/acabase/Library/Caches/Coursier/v1/https/repo1.maven.org/maven2/org/seleniumhq/selenium/selenium-chrome-driver/4.14.1/selenium-chrome-driver-4.14.1.jar:/Users/acabase/Library/Caches/Coursier/v1/https/repo1.maven.org/maven2/org/seleniumhq/selenium/selenium-devtools-v116/4.14.1/selenium-devtools-v116-4.14.1.jar:/Users/acabase/Library/Caches/Coursier/v1/https/repo1.maven.org/maven2/org/seleniumhq/selenium/selenium-devtools-v117/4.14.1/selenium-devtools-v117-4.14.1.jar:/Users/acabase/Library/Caches/Coursier/v1/https/repo1.maven.org/maven2/org/seleniumhq/selenium/selenium-devtools-v118/4.14.1/selenium-devtools-v118-4.14.1.jar:/Users/acabase/Library/Caches/Coursier/v1/https/repo1.maven.org/maven2/org/seleniumhq/selenium/selenium-edge-driver/4.14.1/selenium-edge-driver-4.14.1.jar:/Users/acabase/Library/Caches/Coursier/v1/https/repo1.maven.org/maven2/org/seleniumhq/selenium/selenium-ie-driver/4.14.1/selenium-ie-driver-4.14.1.jar:/Users/acabase/Library/Caches/Coursier/v1/https/repo1.maven.org/maven2/org/seleniumhq/selenium/selenium-safari-driver/4.14.1/selenium-safari-driver-4.14.1.jar:/Users/acabase/Library/Caches/Coursier/v1/https/repo1.maven.org/maven2/com/typesafe/config/1.4.3/config-1.4.3.jar:/Users/acabase/Library/Caches/Coursier/v1/https/repo1.maven.org/maven2/org/scala-lang/modules/scala-collection-compat_2.13/2.0.0/scala-collection-compat_2.13-2.0.0.jar:/Users/acabase/Library/Caches/Coursier/v1/https/repo1.maven.org/maven2/com/zaxxer/HikariCP/3.2.0/HikariCP-3.2.0.jar:/Users/acabase/Library/Caches/Coursier/v1/https/repo1.maven.org/maven2/com/typesafe/play/play-exceptions/2.8.20/play-exceptions-2.8.20.jar:/Users/acabase/Library/Caches/Coursier/v1/https/repo1.maven.org/maven2/com/fasterxml/jackson/module/jackson-module-parameter-names/2.14.3/jackson-module-parameter-names-2.14.3.jar:/Users/acabase/Library/Caches/Coursier/v1/https/repo1.maven.org/maven2/com/fasterxml/jackson/dataformat/jackson-dataformat-cbor/2.14.3/jackson-dataformat-cbor-2.14.3.jar:/Users/acabase/Library/Caches/Coursier/v1/https/repo1.maven.org/maven2/com/fasterxml/jackson/module/jackson-module-scala_2.13/2.14.3/jackson-module-scala_2.13-2.14.3.jar:/Users/acabase/Library/Caches/Coursier/v1/https/repo1.maven.org/maven2/org/lz4/lz4-java/1.8.0/lz4-java-1.8.0.jar:/Users/acabase/Library/Caches/Coursier/v1/https/repo1.maven.org/maven2/com/typesafe/play/play-functional_2.13/2.8.2/play-functional_2.13-2.8.2.jar:/Users/acabase/Library/Caches/Coursier/v1/https/repo1.maven.org/maven2/joda-time/joda-time/2.10.5/joda-time-2.10.5.jar:/Users/acabase/Library/Caches/Coursier/v1/https/repo1.maven.org/maven2/jakarta/activation/jakarta.activation-api/1.2.2/jakarta.activation-api-1.2.2.jar:/Users/acabase/Library/Caches/Coursier/v1/https/repo1.maven.org/maven2/io/opentelemetry/opentelemetry-api/1.28.0/opentelemetry-api-1.28.0.jar:/Users/acabase/Library/Caches/Coursier/v1/https/repo1.maven.org/maven2/io/opentelemetry/opentelemetry-context/1.28.0/opentelemetry-context-1.28.0.jar:/Users/acabase/Library/Caches/Coursier/v1/https/repo1.maven.org/maven2/io/opentelemetry/opentelemetry-exporter-logging/1.28.0/opentelemetry-exporter-logging-1.28.0.jar:/Users/acabase/Library/Caches/Coursier/v1/https/repo1.maven.org/maven2/io/opentelemetry/opentelemetry-sdk-common/1.28.0/opentelemetry-sdk-common-1.28.0.jar:/Users/acabase/Library/Caches/Coursier/v1/https/repo1.maven.org/maven2/io/opentelemetry/opentelemetry-sdk-extension-autoconfigure-spi/1.28.0/opentelemetry-sdk-extension-autoconfigure-spi-1.28.0.jar:/Users/acabase/Library/Caches/Coursier/v1/https/repo1.maven.org/maven2/io/opentelemetry/opentelemetry-sdk-extension-autoconfigure/1.28.0/opentelemetry-sdk-extension-autoconfigure-1.28.0.jar:/Users/acabase/Library/Caches/Coursier/v1/https/repo1.maven.org/maven2/io/opentelemetry/opentelemetry-sdk-trace/1.28.0/opentelemetry-sdk-trace-1.28.0.jar:/Users/acabase/Library/Caches/Coursier/v1/https/repo1.maven.org/maven2/io/opentelemetry/opentelemetry-sdk/1.28.0/opentelemetry-sdk-1.28.0.jar:/Users/acabase/Library/Caches/Coursier/v1/https/repo1.maven.org/maven2/io/opentelemetry/opentelemetry-semconv/1.28.0-alpha/opentelemetry-semconv-1.28.0-alpha.jar:/Users/acabase/Library/Caches/Coursier/v1/https/repo1.maven.org/maven2/org/seleniumhq/selenium/selenium-os/4.14.1/selenium-os-4.14.1.jar:/Users/acabase/Library/Caches/Coursier/v1/https/repo1.maven.org/maven2/org/apache/httpcomponents/httpcore/4.4.16/httpcore-4.4.16.jar:/Users/acabase/Library/Caches/Coursier/v1/https/repo1.maven.org/maven2/commons-logging/commons-logging/1.2/commons-logging-1.2.jar:/Users/acabase/Library/Caches/Coursier/v1/https/repo1.maven.org/maven2/commons-codec/commons-codec/1.15/commons-codec-1.15.jar:/Users/acabase/Library/Caches/Coursier/v1/https/repo1.maven.org/maven2/org/apache/httpcomponents/httpmime/4.5.14/httpmime-4.5.14.jar:/Users/acabase/Library/Caches/Coursier/v1/https/repo1.maven.org/maven2/net/sourceforge/htmlunit/htmlunit-core-js/2.70.0/htmlunit-core-js-2.70.0.jar:/Users/acabase/Library/Caches/Coursier/v1/https/repo1.maven.org/maven2/net/sourceforge/htmlunit/neko-htmlunit/2.70.0/neko-htmlunit-2.70.0.jar:/Users/acabase/Library/Caches/Coursier/v1/https/repo1.maven.org/maven2/net/sourceforge/htmlunit/htmlunit-xpath/2.70.0/htmlunit-xpath-2.70.0.jar:/Users/acabase/Library/Caches/Coursier/v1/https/repo1.maven.org/maven2/org/apache/commons/commons-text/1.10.0/commons-text-1.10.0.jar:/Users/acabase/Library/Caches/Coursier/v1/https/repo1.maven.org/maven2/commons-net/commons-net/3.9.0/commons-net-3.9.0.jar:/Users/acabase/Library/Caches/Coursier/v1/https/repo1.maven.org/maven2/org/brotli/dec/0.1.2/dec-0.1.2.jar:/Users/acabase/Library/Caches/Coursier/v1/https/repo1.maven.org/maven2/com/shapesecurity/salvation2/3.0.1/salvation2-3.0.1.jar:/Users/acabase/Library/Caches/Coursier/v1/https/repo1.maven.org/maven2/org/eclipse/jetty/websocket/websocket-client/9.4.50.v20221201/websocket-client-9.4.50.v20221201.jar:/Users/acabase/Library/Caches/Coursier/v1/https/repo1.maven.org/maven2/dev/failsafe/failsafe/3.3.2/failsafe-3.3.2.jar:/Users/acabase/Library/Caches/Coursier/v1/https/repo1.maven.org/maven2/com/typesafe/akka/akka-protobuf-v3_2.13/2.6.21/akka-protobuf-v3_2.13-2.6.21.jar:/Users/acabase/Library/Caches/Coursier/v1/https/repo1.maven.org/maven2/org/playframework/play_2.13/3.0.0/play_2.13-3.0.0.jar:/Users/acabase/Library/Caches/Coursier/v1/https/repo1.maven.org/maven2/org/playframework/play-ws-standalone_2.13/3.0.0/play-ws-standalone_2.13-3.0.0.jar:/Users/acabase/Library/Caches/Coursier/v1/https/repo1.maven.org/maven2/org/playframework/play-ws-standalone-xml_2.13/3.0.0/play-ws-standalone-xml_2.13-3.0.0.jar:/Users/acabase/Library/Caches/Coursier/v1/https/repo1.maven.org/maven2/org/playframework/play-ws-standalone-json_2.13/3.0.0/play-ws-standalone-json_2.13-3.0.0.jar:/Users/acabase/Library/Caches/Coursier/v1/https/repo1.maven.org/maven2/org/apache/pekko/pekko-stream_2.13/1.0.1/pekko-stream_2.13-1.0.1.jar:/Users/acabase/Library/Caches/Coursier/v1/https/repo1.maven.org/maven2/org/playframework/cachecontrol_2.13/3.0.0/cachecontrol_2.13-3.0.0.jar:/Users/acabase/Library/Caches/Coursier/v1/https/repo1.maven.org/maven2/org/apache/maven/maven-model/3.9.1/maven-model-3.9.1.jar:/Users/acabase/Library/Caches/Coursier/v1/https/repo1.maven.org/maven2/io/appium/java-client/8.2.1/java-client-8.2.1.jar:/Users/acabase/Library/Caches/Coursier/v1/https/repo1.maven.org/maven2/org/scalatest/scalatest-compatible/3.2.17/scalatest-compatible-3.2.17.jar:/Users/acabase/Library/Caches/Coursier/v1/https/repo1.maven.org/maven2/org/scalactic/scalactic_2.13/3.2.17/scalactic_2.13-3.2.17.jar:/Users/acabase/Library/Caches/Coursier/v1/https/repo1.maven.org/maven2/net/bytebuddy/byte-buddy-agent/1.12.19/byte-buddy-agent-1.12.19.jar:/Users/acabase/Library/Caches/Coursier/v1/https/repo1.maven.org/maven2/org/objenesis/objenesis/3.3/objenesis-3.3.jar:/Users/acabase/Library/Caches/Coursier/v1/https/repo1.maven.org/maven2/org/seleniumhq/selenium/selenium-chromium-driver/4.14.1/selenium-chromium-driver-4.14.1.jar:/Users/acabase/Library/Caches/Coursier/v1/https/repo1.maven.org/maven2/com/thoughtworks/paranamer/paranamer/2.8/paranamer-2.8.jar:/Users/acabase/Library/Caches/Coursier/v1/https/repo1.maven.org/maven2/io/opentelemetry/opentelemetry-sdk-metrics/1.28.0/opentelemetry-sdk-metrics-1.28.0.jar:/Users/acabase/Library/Caches/Coursier/v1/https/repo1.maven.org/maven2/io/opentelemetry/opentelemetry-sdk-logs/1.28.0/opentelemetry-sdk-logs-1.28.0.jar:/Users/acabase/Library/Caches/Coursier/v1/https/repo1.maven.org/maven2/io/opentelemetry/opentelemetry-api-events/1.28.0-alpha/opentelemetry-api-events-1.28.0-alpha.jar:/Users/acabase/Library/Caches/Coursier/v1/https/repo1.maven.org/maven2/org/apache/commons/commons-exec/1.3/commons-exec-1.3.jar:/Users/acabase/Library/Caches/Coursier/v1/https/repo1.maven.org/maven2/org/eclipse/jetty/jetty-client/9.4.50.v20221201/jetty-client-9.4.50.v20221201.jar:/Users/acabase/Library/Caches/Coursier/v1/https/repo1.maven.org/maven2/org/eclipse/jetty/jetty-util/9.4.50.v20221201/jetty-util-9.4.50.v20221201.jar:/Users/acabase/Library/Caches/Coursier/v1/https/repo1.maven.org/maven2/org/eclipse/jetty/jetty-io/9.4.50.v20221201/jetty-io-9.4.50.v20221201.jar:/Users/acabase/Library/Caches/Coursier/v1/https/repo1.maven.org/maven2/org/eclipse/jetty/websocket/websocket-common/9.4.50.v20221201/websocket-common-9.4.50.v20221201.jar:/Users/acabase/Library/Caches/Coursier/v1/https/repo1.maven.org/maven2/org/playframework/play-build-link/3.0.0/play-build-link-3.0.0.jar:/Users/acabase/Library/Caches/Coursier/v1/https/repo1.maven.org/maven2/org/playframework/play-streams_2.13/3.0.0/play-streams_2.13-3.0.0.jar:/Users/acabase/Library/Caches/Coursier/v1/https/repo1.maven.org/maven2/org/playframework/play-configuration_2.13/3.0.0/play-configuration_2.13-3.0.0.jar:/Users/acabase/Library/Caches/Coursier/v1/https/repo1.maven.org/maven2/org/playframework/twirl/twirl-api_2.13/2.0.1/twirl-api_2.13-2.0.1.jar:/Users/acabase/Library/Caches/Coursier/v1/https/repo1.maven.org/maven2/org/apache/pekko/pekko-actor_2.13/1.0.1/pekko-actor_2.13-1.0.1.jar:/Users/acabase/Library/Caches/Coursier/v1/https/repo1.maven.org/maven2/org/apache/pekko/pekko-actor-typed_2.13/1.0.1/pekko-actor-typed_2.13-1.0.1.jar:/Users/acabase/Library/Caches/Coursier/v1/https/repo1.maven.org/maven2/org/apache/pekko/pekko-slf4j_2.13/1.0.1/pekko-slf4j_2.13-1.0.1.jar:/Users/acabase/Library/Caches/Coursier/v1/https/repo1.maven.org/maven2/org/apache/pekko/pekko-serialization-jackson_2.13/1.0.1/pekko-serialization-jackson_2.13-1.0.1.jar:/Users/acabase/Library/Caches/Coursier/v1/https/repo1.maven.org/maven2/io/jsonwebtoken/jjwt-api/0.11.5/jjwt-api-0.11.5.jar:/Users/acabase/Library/Caches/Coursier/v1/https/repo1.maven.org/maven2/io/jsonwebtoken/jjwt-impl/0.11.5/jjwt-impl-0.11.5.jar:/Users/acabase/Library/Caches/Coursier/v1/https/repo1.maven.org/maven2/io/jsonwebtoken/jjwt-jackson/0.11.5/jjwt-jackson-0.11.5.jar:/Users/acabase/Library/Caches/Coursier/v1/https/repo1.maven.org/maven2/org/playframework/play-json_2.13/3.0.0/play-json_2.13-3.0.0.jar:/Users/acabase/Library/Caches/Coursier/v1/https/repo1.maven.org/maven2/org/apache/pekko/pekko-protobuf-v3_2.13/1.0.1/pekko-protobuf-v3_2.13-1.0.1.jar:/Users/acabase/Library/Caches/Coursier/v1/https/repo1.maven.org/maven2/org/codehaus/plexus/plexus-utils/3.5.1/plexus-utils-3.5.1.jar:/Users/acabase/Library/Caches/Coursier/v1/https/repo1.maven.org/maven2/com/google/code/gson/gson/2.10/gson-2.10.jar:/Users/acabase/Library/Caches/Coursier/v1/https/repo1.maven.org/maven2/cglib/cglib/3.3.0/cglib-3.3.0.jar:/Users/acabase/Library/Caches/Coursier/v1/https/repo1.maven.org/maven2/commons-validator/commons-validator/1.7/commons-validator-1.7.jar:/Users/acabase/Library/Caches/Coursier/v1/https/repo1.maven.org/maven2/io/opentelemetry/opentelemetry-extension-incubator/1.28.0-alpha/opentelemetry-extension-incubator-1.28.0-alpha.jar:/Users/acabase/Library/Caches/Coursier/v1/https/repo1.maven.org/maven2/org/eclipse/jetty/jetty-http/9.4.50.v20221201/jetty-http-9.4.50.v20221201.jar:/Users/acabase/Library/Caches/Coursier/v1/https/repo1.maven.org/maven2/org/eclipse/jetty/websocket/websocket-api/9.4.50.v20221201/websocket-api-9.4.50.v20221201.jar:/Users/acabase/Library/Caches/Coursier/v1/https/repo1.maven.org/maven2/org/playframework/play-exceptions/3.0.0/play-exceptions-3.0.0.jar:/Users/acabase/Library/Caches/Coursier/v1/https/repo1.maven.org/maven2/org/playframework/play-functional_2.13/3.0.0/play-functional_2.13-3.0.0.jar:/Users/acabase/Library/Caches/Coursier/v1/https/repo1.maven.org/maven2/org/ow2/asm/asm/7.1/asm-7.1.jar:/Users/acabase/Library/Caches/Coursier/v1/https/repo1.maven.org/maven2/commons-beanutils/commons-beanutils/1.9.4/commons-beanutils-1.9.4.jar:/Users/acabase/Library/Caches/Coursier/v1/https/repo1.maven.org/maven2/commons-digester/commons-digester/2.1/commons-digester-2.1.jar:/Users/acabase/Library/Caches/Coursier/v1/https/repo1.maven.org/maven2/commons-collections/commons-collections/3.2.2/commons-collections-3.2.2.jar
-d
/var/folders/tz/4bksmph564j0bp03kg3884wh0000gp/T/metals-javac-semanticdb3038343983211683071/target
-Xplugin:semanticdb -sourceroot:/var/folders/tz/4bksmph564j0bp03kg3884wh0000gp/T/metals-javac-semanticdb3038343983211683071/source -targetroot:/var/folders/tz/4bksmph564j0bp03kg3884wh0000gp/T/metals-javac-semanticdb3038343983211683071/target]
java.lang.NoClassDefFoundError: com/sun/source/util/JavacTask
	at scala.meta.internal.pc.JavaMetalsGlobal$.compilationTask(JavaMetalsGlobal.scala:69)
	at scala.meta.internal.metals.JavaInteractiveSemanticdb.textDocument(JavaInteractiveSemanticdb.scala:78)
	at scala.meta.internal.metals.InteractiveSemanticdbs.$anonfun$compile$2(InteractiveSemanticdbs.scala:173)
	at scala.Option.fold(Option.scala:263)
	at scala.meta.internal.metals.InteractiveSemanticdbs.compile(InteractiveSemanticdbs.scala:173)
	at scala.meta.internal.metals.InteractiveSemanticdbs.$anonfun$textDocument$4(InteractiveSemanticdbs.scala:98)
	at scala.util.Try$.apply(Try.scala:210)
	at scala.meta.internal.metals.InteractiveSemanticdbs.$anonfun$textDocument$1(InteractiveSemanticdbs.scala:98)
	at java.util.HashMap.compute(HashMap.java:1197)
	at java.util.Collections$SynchronizedMap.compute(Collections.java:2684)
	at scala.meta.internal.metals.InteractiveSemanticdbs.textDocument(InteractiveSemanticdbs.scala:89)
	at scala.meta.internal.metals.InteractiveSemanticdbs.textDocument(InteractiveSemanticdbs.scala:63)
	at scala.meta.internal.metals.MetalsLspService.$anonfun$didOpen$3(MetalsLspService.scala:1042)
	at scala.concurrent.impl.Promise$Transformation.run(Promise.scala:467)
	at java.util.concurrent.ThreadPoolExecutor.runWorker(ThreadPoolExecutor.java:1149)
	at java.util.concurrent.ThreadPoolExecutor$Worker.run(ThreadPoolExecutor.java:624)
	at java.lang.Thread.run(Thread.java:748)
Caused by: java.lang.ClassNotFoundException: com.sun.source.util.JavacTask
	at java.net.URLClassLoader.findClass(URLClassLoader.java:382)
	at java.lang.ClassLoader.loadClass(ClassLoader.java:418)
	at sun.misc.Launcher$AppClassLoader.loadClass(Launcher.java:352)
	at java.lang.ClassLoader.loadClass(ClassLoader.java:351)
	at scala.meta.internal.pc.JavaMetalsGlobal$.compilationTask(JavaMetalsGlobal.scala:69)
	at scala.meta.internal.metals.JavaInteractiveSemanticdb.textDocument(JavaInteractiveSemanticdb.scala:78)
	at scala.meta.internal.metals.InteractiveSemanticdbs.$anonfun$compile$2(InteractiveSemanticdbs.scala:173)
	at scala.Option.fold(Option.scala:263)
	at scala.meta.internal.metals.InteractiveSemanticdbs.compile(InteractiveSemanticdbs.scala:173)
	at scala.meta.internal.metals.InteractiveSemanticdbs.$anonfun$textDocument$4(InteractiveSemanticdbs.scala:98)
	at scala.util.Try$.apply(Try.scala:210)
	at scala.meta.internal.metals.InteractiveSemanticdbs.$anonfun$textDocument$1(InteractiveSemanticdbs.scala:98)
	at java.util.HashMap.compute(HashMap.java:1197)
	at java.util.Collections$SynchronizedMap.compute(Collections.java:2684)
	at scala.meta.internal.metals.InteractiveSemanticdbs.textDocument(InteractiveSemanticdbs.scala:89)
	at scala.meta.internal.metals.InteractiveSemanticdbs.textDocument(InteractiveSemanticdbs.scala:63)
	at scala.meta.internal.metals.MetalsLspService.$anonfun$didOpen$3(MetalsLspService.scala:1042)
	at scala.concurrent.impl.Promise$Transformation.run(Promise.scala:467)
	at java.util.concurrent.ThreadPoolExecutor.runWorker(ThreadPoolExecutor.java:1149)
	at java.util.concurrent.ThreadPoolExecutor$Worker.run(ThreadPoolExecutor.java:624)
	at java.lang.Thread.run(Thread.java:748)

2023.11.06 13:45:08 WARN  Running javac-semanticdb failed for jar:file:///Library/Java/JavaVirtualMachines/adoptopenjdk-8.jdk/Contents/Home/src.zip!/java/util/UUID.java. Output:

2023.11.06 13:45:47 INFO  compiling root (8 scala sources and 1 java source)
2023.11.06 13:45:57 INFO  time: compiled root in 9.86s
Nov 06, 2023 1:45:59 PM org.eclipse.lsp4j.jsonrpc.RemoteEndpoint handleCancellation
WARNING: Unmatched cancel notification for request id 5213
Nov 06, 2023 1:45:59 PM org.eclipse.lsp4j.jsonrpc.RemoteEndpoint handleCancellation
WARNING: Unmatched cancel notification for request id 5214
Nov 06, 2023 1:45:59 PM org.eclipse.lsp4j.jsonrpc.RemoteEndpoint handleCancellation
WARNING: Unmatched cancel notification for request id 5215
Nov 06, 2023 1:46:00 PM org.eclipse.lsp4j.jsonrpc.RemoteEndpoint handleCancellation
WARNING: Unmatched cancel notification for request id 5226
Nov 06, 2023 1:46:01 PM org.eclipse.lsp4j.jsonrpc.RemoteEndpoint handleCancellation
WARNING: Unmatched cancel notification for request id 5223
Nov 06, 2023 1:46:01 PM org.eclipse.lsp4j.jsonrpc.RemoteEndpoint handleCancellation
WARNING: Unmatched cancel notification for request id 5224
Nov 06, 2023 1:46:01 PM org.eclipse.lsp4j.jsonrpc.RemoteEndpoint handleCancellation
WARNING: Unmatched cancel notification for request id 5225
2023.11.06 13:46:04 INFO  compiling root (8 scala sources and 1 java source)
2023.11.06 13:46:04 INFO  time: compiled root in 0.78s
Nov 06, 2023 1:46:08 PM org.eclipse.lsp4j.jsonrpc.RemoteEndpoint handleCancellation
WARNING: Unmatched cancel notification for request id 5254
Nov 06, 2023 1:46:08 PM org.eclipse.lsp4j.jsonrpc.RemoteEndpoint handleCancellation
WARNING: Unmatched cancel notification for request id 5255
2023.11.06 13:46:10 INFO  compiling root (8 scala sources and 1 java source)
2023.11.06 13:46:20 INFO  time: compiled root in 9.98s
Nov 06, 2023 1:46:35 PM org.eclipse.lsp4j.jsonrpc.RemoteEndpoint handleCancellation
WARNING: Unmatched cancel notification for request id 5279
2023.11.06 13:47:04 INFO  compiling root (8 scala sources and 1 java source)
2023.11.06 13:47:14 INFO  time: compiled root in 10s
Nov 06, 2023 1:47:19 PM org.eclipse.lsp4j.jsonrpc.RemoteEndpoint handleCancellation
WARNING: Unmatched cancel notification for request id 5288
2023.11.06 13:47:35 INFO  compiling root (8 scala sources and 1 java source)
2023.11.06 13:47:44 INFO  time: compiled root in 9.23s
Nov 06, 2023 1:53:25 PM org.eclipse.lsp4j.jsonrpc.RemoteEndpoint handleCancellation
WARNING: Unmatched cancel notification for request id 5342
2023.11.06 14:07:13 WARN  no build target for: /Users/acabase/Downloads/New Folder With Items/coincap-backend/build.sc
2023.11.06 14:07:19 INFO  time: code lens generation in 5.32s
2023.11.06 14:07:19 INFO  time: code lens generation in 2.99s
2023.11.06 14:07:19 INFO  time: code lens generation in 4.08s
2023.11.06 14:07:19 INFO  time: code lens generation in 3.38s
2023.11.06 14:07:31 WARN  no build target for: /Users/acabase/Downloads/New Folder With Items/coincap-backend/build.sc
2023.11.06 14:08:35 WARN  no build target for: /Users/acabase/Downloads/New Folder With Items/coincap-backend/build.sc
2023.11.06 14:09:12 INFO  time: code lens generation in 10s
2023.11.06 14:09:12 INFO  time: code lens generation in 11s
2023.11.06 14:09:12 INFO  time: code lens generation in 12s
2023.11.06 14:09:12 INFO  time: code lens generation in 3.05s
2023.11.06 14:09:12 INFO  time: code lens generation in 9.51s
2023.11.06 14:09:13 INFO  time: code lens generation in 1.47s
2023.11.06 14:09:23 INFO  running '/Library/Java/JavaVirtualMachines/adoptopenjdk-8.jdk/Contents/Home/bin/java -Djline.terminal=jline.UnsupportedTerminal -Dsbt.log.noformat=true -Dfile.encoding=UTF-8 -jar /var/folders/tz/4bksmph564j0bp03kg3884wh0000gp/T/metals6207254537349298004/sbt-launch.jar -Dbloop.export-jar-classifiers=sources bloopInstall'
2023.11.06 14:09:23 INFO  skipping build import with status 'Dismissed'
2023.11.06 14:09:47 INFO  [info] welcome to sbt 1.7.2 (AdoptOpenJDK Java 1.8.0_292)
2023.11.06 14:10:02 INFO  [info] loading settings for project coincap-backend-build-build-build from metals.sbt ...
2023.11.06 14:10:13 INFO  [info] loading project definition from /Users/acabase/Downloads/New Folder With Items/coincap-backend/project/project/project
2023.11.06 14:10:30 INFO  [info] loading settings for project coincap-backend-build-build from metals.sbt ...
2023.11.06 14:10:35 INFO  [info] loading project definition from /Users/acabase/Downloads/New Folder With Items/coincap-backend/project/project
something's wrong: no file:///Users/acabase/Downloads/New%20Folder%20With%20Items/coincap-backend/app/controllers/HomeController.scala in play.api.data.Form[<error>]RangePosition(file:///Users/acabase/Downloads/New%20Folder%20With%20Items/coincap-backend/app/controllers/HomeController.scala, 636, 636, 646)
2023.11.06 14:10:43 INFO  compiling root (8 scala sources and 1 java source)
something's wrong: no file:///Users/acabase/Downloads/New%20Folder%20With%20Items/coincap-backend/app/controllers/HomeController.scala in play.api.data.Form[models.domain.Portfolio]RangePosition(file:///Users/acabase/Downloads/New%20Folder%20With%20Items/coincap-backend/app/controllers/HomeController.scala, 636, 636, 651)
2023.11.06 14:10:52 INFO  time: compiled root in 9.08s
2023.11.06 14:11:22 INFO  [success] Generated .bloop/coincap-backend-build-build.json
2023.11.06 14:11:24 INFO  [success] Total time: 46 s, completed 11 6, 23 2:11:24 PM
2023.11.06 14:11:31 INFO  [info] loading settings for project coincap-backend-build from metals.sbt,plugins.sbt ...
2023.11.06 14:11:33 INFO  [info] loading project definition from /Users/acabase/Downloads/New Folder With Items/coincap-backend/project
2023.11.06 14:11:48 INFO  [success] Generated .bloop/coincap-backend-build.json
2023.11.06 14:11:52 INFO  [success] Total time: 19 s, completed 11 6, 23 2:11:52 PM
2023.11.06 14:12:02 INFO  [info] loading settings for project root from build.sbt ...
2023.11.06 14:12:06 INFO  [info]   __              __
2023.11.06 14:12:06 INFO  [info]   \ \     ____   / /____ _ __  __
2023.11.06 14:12:06 INFO  [info]    \ \   / __ \ / // __ `// / / /
2023.11.06 14:12:06 INFO  [info]    / /  / /_/ // // /_/ // /_/ /
2023.11.06 14:12:06 INFO  [info]   /_/  / .___//_/ \__,_/ \__, /
2023.11.06 14:12:06 INFO  [info]       /_/               /____/
2023.11.06 14:12:06 INFO  [info] 
2023.11.06 14:12:06 INFO  [info] Version 2.8.20 running Java 1.8.0_292
2023.11.06 14:12:06 INFO  [info] 
2023.11.06 14:12:06 INFO  [info] Play is run entirely by the community. Please consider contributing and/or donating:
2023.11.06 14:12:06 INFO  [info] https://www.playframework.com/sponsors
2023.11.06 14:12:06 INFO  [info] 
2023.11.06 14:12:52 INFO  [success] Generated .bloop/root.json
2023.11.06 14:12:54 INFO  [success] Generated .bloop/root-test.json
2023.11.06 14:12:54 INFO  [success] Total time: 37 s, completed 11 6, 23 2:12:54 PM
2023.11.06 14:12:55 INFO  time: ran 'sbt bloopInstall' in 3m32s
2023.11.06 14:12:56 INFO  Disconnecting from Bloop session...
2023.11.06 14:12:56 INFO  Shut down connection with build server.
2023.11.06 14:12:56 INFO  Shut down connection with build server.
2023.11.06 14:12:56 INFO  Shut down connection with build server.
2023.11.06 14:12:56 INFO  Attempting to connect to the build server...
2023.11.06 14:12:56 INFO  Bloop uses /Library/Java/JavaVirtualMachines/adoptopenjdk-8.jdk/Contents/Home defined at /Users/acabase/.bloop/bloop.json
2023.11.06 14:12:56 INFO  tracing is disabled for protocol BSP, to enable tracing of incoming and outgoing JSON messages create an empty file at /Users/acabase/Downloads/New Folder With Items/coincap-backend/.metals/bsp.trace.json or /Users/acabase/Library/Caches/org.scalameta.metals/bsp.trace.json
2023.11.06 14:12:58 INFO  Attempting to connect to the build server...
2023.11.06 14:12:58 INFO  Bloop uses /Library/Java/JavaVirtualMachines/adoptopenjdk-8.jdk/Contents/Home defined at /Users/acabase/.bloop/bloop.json
2023.11.06 14:12:58 INFO  Attempting to connect to the build server...
2023.11.06 14:12:58 INFO  Bloop uses /Library/Java/JavaVirtualMachines/adoptopenjdk-8.jdk/Contents/Home defined at /Users/acabase/.bloop/bloop.json
2023.11.06 14:12:58 INFO  tracing is disabled for protocol BSP, to enable tracing of incoming and outgoing JSON messages create an empty file at /Users/acabase/Downloads/New Folder With Items/coincap-backend/project/project/.metals/bsp.trace.json or /Users/acabase/Library/Caches/org.scalameta.metals/bsp.trace.json
2023.11.06 14:12:58 INFO  tracing is disabled for protocol BSP, to enable tracing of incoming and outgoing JSON messages create an empty file at /Users/acabase/Downloads/New Folder With Items/coincap-backend/project/.metals/bsp.trace.json or /Users/acabase/Library/Caches/org.scalameta.metals/bsp.trace.json
2023.11.06 14:12:58 INFO  time: Connected to build server in 1.25s
2023.11.06 14:12:58 INFO  Connected to Build server: Bloop v1.5.8
2023.11.06 14:12:58 INFO  time: Imported build in 0.72s
2023.11.06 14:13:20 INFO  time: indexed workspace in 21s
2023.11.06 14:13:20 WARN  no build target for: /Users/acabase/Downloads/New Folder With Items/coincap-backend/build.sc
2023.11.06 14:13:21 INFO  compiling root (8 scala sources and 1 java source)
2023.11.06 14:13:31 INFO  time: compiled root in 10s
2023.11.06 14:13:35 INFO  Disconnecting from Bloop session...
2023.11.06 14:13:37 ERROR timeout: build server 'bloop' during shutdown
2023.11.06 14:13:37 ERROR timeout: build server 'bloop' during shutdown
2023.11.06 14:13:37 ERROR timeout: build server 'bloop' during shutdown
2023.11.06 14:13:37 INFO  Attempting to connect to the build server...
2023.11.06 14:13:37 INFO  Bloop uses /Library/Java/JavaVirtualMachines/adoptopenjdk-8.jdk/Contents/Home defined at /Users/acabase/.bloop/bloop.json
Nov 06, 2023 2:13:39 PM scala.meta.internal.pc.CompilerAccess handleError
SEVERE: A severe compiler error occurred, full details of the error can be found in the error report /Users/acabase/Downloads/New Folder With Items/coincap-backend/.metals/.reports/metals-full/2023-11-06/r_compiler-error_(coincap-backend-build-build)_14-13-38-952.md
2023.11.06 14:14:18 INFO  tracing is disabled for protocol BSP, to enable tracing of incoming and outgoing JSON messages create an empty file at /Users/acabase/Downloads/New Folder With Items/coincap-backend/.metals/bsp.trace.json or /Users/acabase/Library/Caches/org.scalameta.metals/bsp.trace.json
2023.11.06 14:14:20 INFO  Attempting to connect to the build server...
2023.11.06 14:14:20 INFO  Bloop uses /Library/Java/JavaVirtualMachines/adoptopenjdk-8.jdk/Contents/Home defined at /Users/acabase/.bloop/bloop.json
2023.11.06 14:14:20 INFO  Attempting to connect to the build server...
2023.11.06 14:14:20 INFO  Bloop uses /Library/Java/JavaVirtualMachines/adoptopenjdk-8.jdk/Contents/Home defined at /Users/acabase/.bloop/bloop.json
2023.11.06 14:14:20 INFO  tracing is disabled for protocol BSP, to enable tracing of incoming and outgoing JSON messages create an empty file at /Users/acabase/Downloads/New Folder With Items/coincap-backend/project/project/.metals/bsp.trace.json or /Users/acabase/Library/Caches/org.scalameta.metals/bsp.trace.json
2023.11.06 14:14:20 INFO  tracing is disabled for protocol BSP, to enable tracing of incoming and outgoing JSON messages create an empty file at /Users/acabase/Downloads/New Folder With Items/coincap-backend/project/.metals/bsp.trace.json or /Users/acabase/Library/Caches/org.scalameta.metals/bsp.trace.json
2023.11.06 14:14:21 INFO  time: Connected to build server in 43s
2023.11.06 14:14:21 INFO  Connected to Build server: Bloop v1.5.11
2023.11.06 14:14:22 INFO  time: Imported build in 1.42s
2023.11.06 14:14:43 INFO  time: indexed workspace in 20s
2023.11.06 14:14:43 WARN  no build target for: /Users/acabase/Downloads/New Folder With Items/coincap-backend/build.sc
2023.11.06 14:14:55 INFO  compiling root (8 scala sources and 1 java source)
2023.11.06 14:16:01 INFO  Cancelling compilation on Bloop server
2023.11.06 14:16:01 INFO  Disconnecting from Bloop session...
2023.11.06 14:16:01 INFO  Shut down connection with build server.
2023.11.06 14:16:01 INFO  Shut down connection with build server.
2023.11.06 14:16:03 ERROR timeout: build server 'bloop' during shutdown
2023.11.06 14:16:03 INFO  Attempting to connect to the build server...
2023.11.06 14:16:03 INFO  Bloop uses /Library/Java/JavaVirtualMachines/adoptopenjdk-8.jdk/Contents/Home defined at /Users/acabase/.bloop/bloop.json
2023.11.06 14:16:03 INFO  tracing is disabled for protocol BSP, to enable tracing of incoming and outgoing JSON messages create an empty file at /Users/acabase/Downloads/New Folder With Items/coincap-backend/.metals/bsp.trace.json or /Users/acabase/Library/Caches/org.scalameta.metals/bsp.trace.json
2023.11.06 14:16:04 INFO  Attempting to connect to the build server...
2023.11.06 14:16:04 INFO  Bloop uses /Library/Java/JavaVirtualMachines/adoptopenjdk-8.jdk/Contents/Home defined at /Users/acabase/.bloop/bloop.json
2023.11.06 14:16:04 INFO  Attempting to connect to the build server...
2023.11.06 14:16:04 INFO  Bloop uses /Library/Java/JavaVirtualMachines/adoptopenjdk-8.jdk/Contents/Home defined at /Users/acabase/.bloop/bloop.json
2023.11.06 14:16:04 INFO  tracing is disabled for protocol BSP, to enable tracing of incoming and outgoing JSON messages create an empty file at /Users/acabase/Downloads/New Folder With Items/coincap-backend/project/project/.metals/bsp.trace.json or /Users/acabase/Library/Caches/org.scalameta.metals/bsp.trace.json
2023.11.06 14:16:04 INFO  tracing is disabled for protocol BSP, to enable tracing of incoming and outgoing JSON messages create an empty file at /Users/acabase/Downloads/New Folder With Items/coincap-backend/project/.metals/bsp.trace.json or /Users/acabase/Library/Caches/org.scalameta.metals/bsp.trace.json
2023.11.06 14:16:04 INFO  time: Connected to build server in 1.79s
2023.11.06 14:16:04 INFO  Connected to Build server: Bloop v1.5.11
2023.11.06 14:16:05 INFO  time: Imported build in 0.6s
2023.11.06 14:16:28 INFO  time: code lens generation in 10s
2023.11.06 14:16:37 INFO  time: indexed workspace in 31s
2023.11.06 14:16:37 WARN  no build target for: /Users/acabase/Downloads/New Folder With Items/coincap-backend/build.sc
2023.11.06 14:16:38 INFO  Deduplicating compilation of root from bsp client 'Metals 1.1.0' (since 2m 17.954s)
2023.11.06 14:16:38 INFO  compiling root (8 scala sources and 1 java source)
2023.11.06 14:19:59 INFO  time: compiled root in 3m21s
2023.11.06 14:25:11 INFO  compiling root (8 scala sources and 1 java source)
2023.11.06 14:27:36 INFO  time: compiled root in 2m25s
Nov 06, 2023 2:28:01 PM org.eclipse.lsp4j.jsonrpc.RemoteEndpoint handleCancellation
WARNING: Unmatched cancel notification for request id 5735
Nov 06, 2023 2:28:01 PM org.eclipse.lsp4j.jsonrpc.RemoteEndpoint handleCancellation
WARNING: Unmatched cancel notification for request id 5738
Nov 06, 2023 2:28:02 PM org.eclipse.lsp4j.jsonrpc.RemoteEndpoint handleCancellation
WARNING: Unmatched cancel notification for request id 5745
Nov 06, 2023 2:28:19 PM org.eclipse.lsp4j.jsonrpc.RemoteEndpoint handleCancellation
WARNING: Unmatched cancel notification for request id 5785
Nov 06, 2023 2:28:37 PM org.eclipse.lsp4j.jsonrpc.RemoteEndpoint handleCancellation
WARNING: Unmatched cancel notification for request id 5824
Nov 06, 2023 2:28:37 PM org.eclipse.lsp4j.jsonrpc.RemoteEndpoint handleCancellation
WARNING: Unmatched cancel notification for request id 5836
Nov 06, 2023 2:28:55 PM org.eclipse.lsp4j.jsonrpc.RemoteEndpoint handleCancellation
WARNING: Unmatched cancel notification for request id 5877
Nov 06, 2023 2:28:55 PM org.eclipse.lsp4j.jsonrpc.RemoteEndpoint handleCancellation
WARNING: Unmatched cancel notification for request id 5880
Nov 06, 2023 2:28:59 PM org.eclipse.lsp4j.jsonrpc.RemoteEndpoint handleCancellation
WARNING: Unmatched cancel notification for request id 5889
Nov 06, 2023 2:29:07 PM org.eclipse.lsp4j.jsonrpc.RemoteEndpoint handleCancellation
WARNING: Unmatched cancel notification for request id 5907
Nov 06, 2023 2:29:11 PM org.eclipse.lsp4j.jsonrpc.RemoteEndpoint handleCancellation
WARNING: Unmatched cancel notification for request id 5924
Nov 06, 2023 2:29:16 PM org.eclipse.lsp4j.jsonrpc.RemoteEndpoint handleCancellation
WARNING: Unmatched cancel notification for request id 5939
Nov 06, 2023 2:29:17 PM org.eclipse.lsp4j.jsonrpc.RemoteEndpoint handleCancellation
WARNING: Unmatched cancel notification for request id 5944
Nov 06, 2023 2:29:19 PM org.eclipse.lsp4j.jsonrpc.RemoteEndpoint handleCancellation
WARNING: Unmatched cancel notification for request id 5947
Nov 06, 2023 2:29:45 PM org.eclipse.lsp4j.jsonrpc.RemoteEndpoint handleCancellation
WARNING: Unmatched cancel notification for request id 6047
Nov 06, 2023 2:29:45 PM org.eclipse.lsp4j.jsonrpc.RemoteEndpoint handleCancellation
WARNING: Unmatched cancel notification for request id 6045
Nov 06, 2023 2:29:56 PM org.eclipse.lsp4j.jsonrpc.RemoteEndpoint handleCancellation
WARNING: Unmatched cancel notification for request id 6065
2023.11.06 14:29:59 INFO  compiling root (8 scala sources and 1 java source)
Nov 06, 2023 2:30:04 PM org.eclipse.lsp4j.jsonrpc.RemoteEndpoint handleCancellation
WARNING: Unmatched cancel notification for request id 6076
2023.11.06 14:30:38 INFO  time: compiled root in 38s
2023.11.06 14:30:44 INFO  time: code lens generation in 1.24s
Nov 06, 2023 2:30:48 PM org.eclipse.lsp4j.jsonrpc.RemoteEndpoint handleCancellation
WARNING: Unmatched cancel notification for request id 6110
Nov 06, 2023 2:30:50 PM org.eclipse.lsp4j.jsonrpc.RemoteEndpoint handleCancellation
WARNING: Unmatched cancel notification for request id 6115
Nov 06, 2023 2:30:50 PM org.eclipse.lsp4j.jsonrpc.RemoteEndpoint handleCancellation
WARNING: Unmatched cancel notification for request id 6117
2023.11.06 14:30:53 INFO  compiling root (8 scala sources and 1 java source)
Nov 06, 2023 2:30:55 PM org.eclipse.lsp4j.jsonrpc.RemoteEndpoint handleCancellation
WARNING: Unmatched cancel notification for request id 6132
Exception in thread "pool-20-thread-1" java.lang.Error: java.lang.InterruptedException
	at java.util.concurrent.ThreadPoolExecutor.runWorker(ThreadPoolExecutor.java:1155)
	at java.util.concurrent.ThreadPoolExecutor$Worker.run(ThreadPoolExecutor.java:624)
	at java.lang.Thread.run(Thread.java:748)
Caused by: java.lang.InterruptedException
	at scala.meta.internal.metals.FutureCancelToken.checkCanceled(FutureCancelToken.scala:29)
	at scala.meta.internal.pc.CompilerAccess.$anonfun$onCompilerJobQueue$1(CompilerAccess.scala:230)
	at scala.meta.internal.pc.CompilerJobQueue$Job.run(CompilerJobQueue.scala:152)
	at java.util.concurrent.ThreadPoolExecutor.runWorker(ThreadPoolExecutor.java:1149)
	... 2 more
Nov 06, 2023 2:31:13 PM org.eclipse.lsp4j.jsonrpc.RemoteEndpoint handleCancellation
WARNING: Unmatched cancel notification for request id 6144
Nov 06, 2023 2:31:14 PM org.eclipse.lsp4j.jsonrpc.RemoteEndpoint handleCancellation
WARNING: Unmatched cancel notification for request id 6145
Nov 06, 2023 2:31:14 PM org.eclipse.lsp4j.jsonrpc.RemoteEndpoint handleCancellation
WARNING: Unmatched cancel notification for request id 6147
2023.11.06 14:32:12 INFO  Deduplicating compilation of root from bsp client 'Metals 1.1.0' (since 16m 8.32s)
2023.11.06 14:32:12 INFO  compiling root (8 scala sources and 1 java source)
2023.11.06 14:33:27 INFO  time: compiled root in 1m14s
Exception in thread "pool-20-thread-2" java.lang.Error: java.lang.InterruptedException
	at java.util.concurrent.ThreadPoolExecutor.runWorker(ThreadPoolExecutor.java:1155)
	at java.util.concurrent.ThreadPoolExecutor$Worker.run(ThreadPoolExecutor.java:624)
	at java.lang.Thread.run(Thread.java:748)
Caused by: java.lang.InterruptedException
	at scala.meta.internal.metals.FutureCancelToken.checkCanceled(FutureCancelToken.scala:29)
	at scala.meta.internal.pc.CompilerAccess.$anonfun$onCompilerJobQueue$1(CompilerAccess.scala:230)
	at scala.meta.internal.pc.CompilerJobQueue$Job.run(CompilerJobQueue.scala:152)
	at java.util.concurrent.ThreadPoolExecutor.runWorker(ThreadPoolExecutor.java:1149)
	... 2 more
Nov 06, 2023 2:34:41 PM org.eclipse.lsp4j.jsonrpc.RemoteEndpoint handleCancellation
WARNING: Unmatched cancel notification for request id 6240
2023.11.06 14:34:43 INFO  compiling root (8 scala sources and 1 java source)
Nov 06, 2023 2:35:00 PM org.eclipse.lsp4j.jsonrpc.RemoteEndpoint handleCancellation
WARNING: Unmatched cancel notification for request id 6257
Nov 06, 2023 2:35:00 PM org.eclipse.lsp4j.jsonrpc.RemoteEndpoint handleCancellation
WARNING: Unmatched cancel notification for request id 6258
Nov 06, 2023 2:35:20 PM org.eclipse.lsp4j.jsonrpc.RemoteEndpoint handleCancellation
WARNING: Unmatched cancel notification for request id 6269
Nov 06, 2023 2:35:27 PM org.eclipse.lsp4j.jsonrpc.RemoteEndpoint handleCancellation
WARNING: Unmatched cancel notification for request id 6283
Nov 06, 2023 2:35:37 PM org.eclipse.lsp4j.jsonrpc.RemoteEndpoint handleCancellation
WARNING: Unmatched cancel notification for request id 6303
2023.11.06 14:36:10 INFO  compiling root (8 scala sources and 1 java source)
Nov 06, 2023 2:36:11 PM org.eclipse.lsp4j.jsonrpc.RemoteEndpoint handleCancellation
WARNING: Unmatched cancel notification for request id 6331
2023.11.06 14:36:24 INFO  time: code lens generation in 1.33s
2023.11.06 14:36:51 INFO  time: compiled root in 40s
2023.11.06 14:36:51 INFO  Deduplicating compilation of root from bsp client 'Metals 1.1.0' (since 20m 48.169s)
2023.11.06 14:36:51 INFO  compiling root (8 scala sources and 1 java source)
2023.11.06 14:37:32 INFO  time: compiled root in 39s
Exception in thread "pool-1-thread-1531" java.lang.NoClassDefFoundError: com/sun/source/tree/Tree
	at scala.meta.internal.pc.JavaPresentationCompiler.<init>(JavaPresentationCompiler.scala:47)
	at scala.meta.internal.metals.Compilers.loadJavaCompilerForTarget(Compilers.scala:953)
	at scala.meta.internal.metals.Compilers.$anonfun$loadJavaCompiler$1(Compilers.scala:922)
	at scala.Option.flatMap(Option.scala:283)
	at scala.meta.internal.metals.Compilers.loadJavaCompiler(Compilers.scala:921)
	at scala.meta.internal.metals.Compilers.fromBuildTarget$1(Compilers.scala:802)
	at scala.meta.internal.metals.Compilers.loadCompiler(Compilers.scala:810)
	at scala.meta.internal.metals.Compilers.semanticTokens(Compilers.scala:425)
	at scala.meta.internal.metals.MetalsLspService.$anonfun$semanticTokensFull$2(MetalsLspService.scala:1556)
	at scala.concurrent.impl.Promise$Transformation.run(Promise.scala:470)
	at java.util.concurrent.ThreadPoolExecutor.runWorker(ThreadPoolExecutor.java:1149)
	at java.util.concurrent.ThreadPoolExecutor$Worker.run(ThreadPoolExecutor.java:624)
	at java.lang.Thread.run(Thread.java:748)
Caused by: java.lang.ClassNotFoundException: com.sun.source.tree.Tree
	at java.net.URLClassLoader.findClass(URLClassLoader.java:382)
	at java.lang.ClassLoader.loadClass(ClassLoader.java:418)
	at sun.misc.Launcher$AppClassLoader.loadClass(Launcher.java:352)
	at java.lang.ClassLoader.loadClass(ClassLoader.java:351)
	... 13 more
Exception in thread "pool-1-thread-1535" java.lang.NoClassDefFoundError: com/sun/source/tree/Tree
	at scala.meta.internal.parsing.FoldingRangeProvider.$anonfun$getRangedForJava$2(FoldingRangeProvider.scala:48)
	at scala.Option$WithFilter.map(Option.scala:242)
	at scala.meta.internal.parsing.FoldingRangeProvider.getRangedForJava(FoldingRangeProvider.scala:45)
	at scala.meta.internal.metals.MetalsLspService.$anonfun$foldingRange$3(MetalsLspService.scala:1641)
	at scala.concurrent.Future$.$anonfun$apply$1(Future.scala:687)
	at scala.concurrent.impl.Promise$Transformation.run(Promise.scala:467)
	at java.util.concurrent.ThreadPoolExecutor.runWorker(ThreadPoolExecutor.java:1149)
	at java.util.concurrent.ThreadPoolExecutor$Worker.run(ThreadPoolExecutor.java:624)
	at java.lang.Thread.run(Thread.java:748)
Caused by: java.lang.ClassNotFoundException: com.sun.source.tree.Tree
	at java.net.URLClassLoader.findClass(URLClassLoader.java:382)
	at java.lang.ClassLoader.loadClass(ClassLoader.java:418)
	at sun.misc.Launcher$AppClassLoader.loadClass(Launcher.java:352)
	at java.lang.ClassLoader.loadClass(ClassLoader.java:351)
	... 9 more
2023.11.06 14:40:50 INFO  compiling root (8 scala sources and 1 java source)
Nov 06, 2023 2:40:59 PM org.eclipse.lsp4j.jsonrpc.RemoteEndpoint fallbackResponseError
SEVERE: Internal error: java.lang.reflect.InvocationTargetException
java.lang.RuntimeException: java.lang.reflect.InvocationTargetException
	at org.eclipse.lsp4j.jsonrpc.services.GenericEndpoint.lambda$null$0(GenericEndpoint.java:67)
	at org.eclipse.lsp4j.jsonrpc.services.GenericEndpoint.request(GenericEndpoint.java:120)
	at org.eclipse.lsp4j.jsonrpc.RemoteEndpoint.handleRequest(RemoteEndpoint.java:261)
	at org.eclipse.lsp4j.jsonrpc.RemoteEndpoint.consume(RemoteEndpoint.java:190)
	at org.eclipse.lsp4j.jsonrpc.json.StreamMessageProducer.handleMessage(StreamMessageProducer.java:194)
	at org.eclipse.lsp4j.jsonrpc.json.StreamMessageProducer.listen(StreamMessageProducer.java:94)
	at org.eclipse.lsp4j.jsonrpc.json.ConcurrentMessageProcessor.run(ConcurrentMessageProcessor.java:113)
	at java.util.concurrent.Executors$RunnableAdapter.call(Executors.java:511)
	at java.util.concurrent.FutureTask.run(FutureTask.java:266)
	at java.util.concurrent.ThreadPoolExecutor.runWorker(ThreadPoolExecutor.java:1149)
	at java.util.concurrent.ThreadPoolExecutor$Worker.run(ThreadPoolExecutor.java:624)
	at java.lang.Thread.run(Thread.java:748)
Caused by: java.lang.reflect.InvocationTargetException
	at sun.reflect.GeneratedMethodAccessor2.invoke(Unknown Source)
	at sun.reflect.DelegatingMethodAccessorImpl.invoke(DelegatingMethodAccessorImpl.java:43)
	at java.lang.reflect.Method.invoke(Method.java:498)
	at org.eclipse.lsp4j.jsonrpc.services.GenericEndpoint.lambda$null$0(GenericEndpoint.java:65)
	... 11 more
Caused by: java.lang.NoClassDefFoundError: com/sun/source/tree/Tree
	at scala.meta.internal.pc.JavaPresentationCompiler.<init>(JavaPresentationCompiler.scala:47)
	at scala.meta.internal.metals.Compilers.loadJavaCompilerForTarget(Compilers.scala:953)
	at scala.meta.internal.metals.Compilers.$anonfun$loadJavaCompiler$1(Compilers.scala:922)
	at scala.Option.flatMap(Option.scala:283)
	at scala.meta.internal.metals.Compilers.loadJavaCompiler(Compilers.scala:921)
	at scala.meta.internal.metals.Compilers.fromBuildTarget$1(Compilers.scala:802)
	at scala.meta.internal.metals.Compilers.loadCompiler(Compilers.scala:810)
	at scala.meta.internal.metals.Compilers.withPCAndAdjustLsp(Compilers.scala:1028)
	at scala.meta.internal.metals.Compilers.hover(Compilers.scala:685)
	at scala.meta.internal.metals.MetalsLspService.$anonfun$hover$1(MetalsLspService.scala:1383)
	at scala.meta.internal.metals.CancelTokens$.future(CancelTokens.scala:38)
	at scala.meta.internal.metals.MetalsLspService.hover(MetalsLspService.scala:1381)
	at scala.meta.internal.metals.WorkspaceLspService.hover(WorkspaceLspService.scala:367)
	at scala.meta.metals.lsp.DelegatingScalaService.hover(DelegatingScalaService.scala:82)
	... 15 more
Caused by: java.lang.ClassNotFoundException: com.sun.source.tree.Tree
	at java.net.URLClassLoader.findClass(URLClassLoader.java:382)
	at java.lang.ClassLoader.loadClass(ClassLoader.java:418)
	at sun.misc.Launcher$AppClassLoader.loadClass(Launcher.java:352)
	at java.lang.ClassLoader.loadClass(ClassLoader.java:351)
	... 29 more

Nov 06, 2023 2:41:00 PM org.eclipse.lsp4j.jsonrpc.RemoteEndpoint handleCancellation
WARNING: Unmatched cancel notification for request id 6363
Nov 06, 2023 2:41:01 PM org.eclipse.lsp4j.jsonrpc.RemoteEndpoint fallbackResponseError
SEVERE: Internal error: java.lang.reflect.InvocationTargetException
java.lang.RuntimeException: java.lang.reflect.InvocationTargetException
	at org.eclipse.lsp4j.jsonrpc.services.GenericEndpoint.lambda$null$0(GenericEndpoint.java:67)
	at org.eclipse.lsp4j.jsonrpc.services.GenericEndpoint.request(GenericEndpoint.java:120)
	at org.eclipse.lsp4j.jsonrpc.RemoteEndpoint.handleRequest(RemoteEndpoint.java:261)
	at org.eclipse.lsp4j.jsonrpc.RemoteEndpoint.consume(RemoteEndpoint.java:190)
	at org.eclipse.lsp4j.jsonrpc.json.StreamMessageProducer.handleMessage(StreamMessageProducer.java:194)
	at org.eclipse.lsp4j.jsonrpc.json.StreamMessageProducer.listen(StreamMessageProducer.java:94)
	at org.eclipse.lsp4j.jsonrpc.json.ConcurrentMessageProcessor.run(ConcurrentMessageProcessor.java:113)
	at java.util.concurrent.Executors$RunnableAdapter.call(Executors.java:511)
	at java.util.concurrent.FutureTask.run(FutureTask.java:266)
	at java.util.concurrent.ThreadPoolExecutor.runWorker(ThreadPoolExecutor.java:1149)
	at java.util.concurrent.ThreadPoolExecutor$Worker.run(ThreadPoolExecutor.java:624)
	at java.lang.Thread.run(Thread.java:748)
Caused by: java.lang.reflect.InvocationTargetException
	at sun.reflect.GeneratedMethodAccessor2.invoke(Unknown Source)
	at sun.reflect.DelegatingMethodAccessorImpl.invoke(DelegatingMethodAccessorImpl.java:43)
	at java.lang.reflect.Method.invoke(Method.java:498)
	at org.eclipse.lsp4j.jsonrpc.services.GenericEndpoint.lambda$null$0(GenericEndpoint.java:65)
	... 11 more
Caused by: java.lang.NoClassDefFoundError: com/sun/source/tree/Tree
	at scala.meta.internal.pc.JavaPresentationCompiler.<init>(JavaPresentationCompiler.scala:47)
	at scala.meta.internal.metals.Compilers.loadJavaCompilerForTarget(Compilers.scala:953)
	at scala.meta.internal.metals.Compilers.$anonfun$loadJavaCompiler$1(Compilers.scala:922)
	at scala.Option.flatMap(Option.scala:283)
	at scala.meta.internal.metals.Compilers.loadJavaCompiler(Compilers.scala:921)
	at scala.meta.internal.metals.Compilers.fromBuildTarget$1(Compilers.scala:802)
	at scala.meta.internal.metals.Compilers.loadCompiler(Compilers.scala:810)
	at scala.meta.internal.metals.Compilers.withPCAndAdjustLsp(Compilers.scala:1028)
	at scala.meta.internal.metals.Compilers.hover(Compilers.scala:685)
	at scala.meta.internal.metals.MetalsLspService.$anonfun$hover$1(MetalsLspService.scala:1383)
	at scala.meta.internal.metals.CancelTokens$.future(CancelTokens.scala:38)
	at scala.meta.internal.metals.MetalsLspService.hover(MetalsLspService.scala:1381)
	at scala.meta.internal.metals.WorkspaceLspService.hover(WorkspaceLspService.scala:367)
	at scala.meta.metals.lsp.DelegatingScalaService.hover(DelegatingScalaService.scala:82)
	... 15 more
Caused by: java.lang.ClassNotFoundException: com.sun.source.tree.Tree
	at java.net.URLClassLoader.findClass(URLClassLoader.java:382)
	at java.lang.ClassLoader.loadClass(ClassLoader.java:418)
	at sun.misc.Launcher$AppClassLoader.loadClass(Launcher.java:352)
	at java.lang.ClassLoader.loadClass(ClassLoader.java:351)
	... 29 more

Nov 06, 2023 2:41:01 PM org.eclipse.lsp4j.jsonrpc.RemoteEndpoint fallbackResponseError
SEVERE: Internal error: java.lang.reflect.InvocationTargetException
java.lang.RuntimeException: java.lang.reflect.InvocationTargetException
	at org.eclipse.lsp4j.jsonrpc.services.GenericEndpoint.lambda$null$0(GenericEndpoint.java:67)
	at org.eclipse.lsp4j.jsonrpc.services.GenericEndpoint.request(GenericEndpoint.java:120)
	at org.eclipse.lsp4j.jsonrpc.RemoteEndpoint.handleRequest(RemoteEndpoint.java:261)
	at org.eclipse.lsp4j.jsonrpc.RemoteEndpoint.consume(RemoteEndpoint.java:190)
	at org.eclipse.lsp4j.jsonrpc.json.StreamMessageProducer.handleMessage(StreamMessageProducer.java:194)
	at org.eclipse.lsp4j.jsonrpc.json.StreamMessageProducer.listen(StreamMessageProducer.java:94)
	at org.eclipse.lsp4j.jsonrpc.json.ConcurrentMessageProcessor.run(ConcurrentMessageProcessor.java:113)
	at java.util.concurrent.Executors$RunnableAdapter.call(Executors.java:511)
	at java.util.concurrent.FutureTask.run(FutureTask.java:266)
	at java.util.concurrent.ThreadPoolExecutor.runWorker(ThreadPoolExecutor.java:1149)
	at java.util.concurrent.ThreadPoolExecutor$Worker.run(ThreadPoolExecutor.java:624)
	at java.lang.Thread.run(Thread.java:748)
Caused by: java.lang.reflect.InvocationTargetException
	at sun.reflect.GeneratedMethodAccessor2.invoke(Unknown Source)
	at sun.reflect.DelegatingMethodAccessorImpl.invoke(DelegatingMethodAccessorImpl.java:43)
	at java.lang.reflect.Method.invoke(Method.java:498)
	at org.eclipse.lsp4j.jsonrpc.services.GenericEndpoint.lambda$null$0(GenericEndpoint.java:65)
	... 11 more
Caused by: java.lang.NoClassDefFoundError: com/sun/source/tree/Tree
	at scala.meta.internal.pc.JavaPresentationCompiler.<init>(JavaPresentationCompiler.scala:47)
	at scala.meta.internal.metals.Compilers.loadJavaCompilerForTarget(Compilers.scala:953)
	at scala.meta.internal.metals.Compilers.$anonfun$loadJavaCompiler$1(Compilers.scala:922)
	at scala.Option.flatMap(Option.scala:283)
	at scala.meta.internal.metals.Compilers.loadJavaCompiler(Compilers.scala:921)
	at scala.meta.internal.metals.Compilers.fromBuildTarget$1(Compilers.scala:802)
	at scala.meta.internal.metals.Compilers.loadCompiler(Compilers.scala:810)
	at scala.meta.internal.metals.Compilers.withPCAndAdjustLsp(Compilers.scala:1028)
	at scala.meta.internal.metals.Compilers.hover(Compilers.scala:685)
	at scala.meta.internal.metals.MetalsLspService.$anonfun$hover$1(MetalsLspService.scala:1383)
	at scala.meta.internal.metals.CancelTokens$.future(CancelTokens.scala:38)
	at scala.meta.internal.metals.MetalsLspService.hover(MetalsLspService.scala:1381)
	at scala.meta.internal.metals.WorkspaceLspService.hover(WorkspaceLspService.scala:367)
	at scala.meta.metals.lsp.DelegatingScalaService.hover(DelegatingScalaService.scala:82)
	... 15 more
Caused by: java.lang.ClassNotFoundException: com.sun.source.tree.Tree
	at java.net.URLClassLoader.findClass(URLClassLoader.java:382)
	at java.lang.ClassLoader.loadClass(ClassLoader.java:418)
	at sun.misc.Launcher$AppClassLoader.loadClass(Launcher.java:352)
	at java.lang.ClassLoader.loadClass(ClassLoader.java:351)
	... 29 more

Nov 06, 2023 2:41:03 PM org.eclipse.lsp4j.jsonrpc.RemoteEndpoint handleNotification
WARNING: Notification threw an exception: {
  "jsonrpc": "2.0",
  "method": "textDocument/didClose",
  "params": {
    "textDocument": {
      "uri": "file:///Users/acabase/Downloads/New%20Folder%20With%20Items/coincap-backend/target/scala-2.13/routes/main/controllers/routes.java"
    }
  }
}
java.lang.RuntimeException: java.lang.reflect.InvocationTargetException
	at org.eclipse.lsp4j.jsonrpc.services.GenericEndpoint.lambda$null$0(GenericEndpoint.java:67)
	at org.eclipse.lsp4j.jsonrpc.services.GenericEndpoint.notify(GenericEndpoint.java:152)
	at org.eclipse.lsp4j.jsonrpc.RemoteEndpoint.handleNotification(RemoteEndpoint.java:220)
	at org.eclipse.lsp4j.jsonrpc.RemoteEndpoint.consume(RemoteEndpoint.java:187)
	at org.eclipse.lsp4j.jsonrpc.json.StreamMessageProducer.handleMessage(StreamMessageProducer.java:194)
	at org.eclipse.lsp4j.jsonrpc.json.StreamMessageProducer.listen(StreamMessageProducer.java:94)
	at org.eclipse.lsp4j.jsonrpc.json.ConcurrentMessageProcessor.run(ConcurrentMessageProcessor.java:113)
	at java.util.concurrent.Executors$RunnableAdapter.call(Executors.java:511)
	at java.util.concurrent.FutureTask.run(FutureTask.java:266)
	at java.util.concurrent.ThreadPoolExecutor.runWorker(ThreadPoolExecutor.java:1149)
	at java.util.concurrent.ThreadPoolExecutor$Worker.run(ThreadPoolExecutor.java:624)
	at java.lang.Thread.run(Thread.java:748)
Caused by: java.lang.reflect.InvocationTargetException
	at sun.reflect.GeneratedMethodAccessor28.invoke(Unknown Source)
	at sun.reflect.DelegatingMethodAccessorImpl.invoke(DelegatingMethodAccessorImpl.java:43)
	at java.lang.reflect.Method.invoke(Method.java:498)
	at org.eclipse.lsp4j.jsonrpc.services.GenericEndpoint.lambda$null$0(GenericEndpoint.java:65)
	... 11 more
Caused by: java.lang.NoClassDefFoundError: com/sun/source/tree/Tree
	at scala.meta.internal.pc.JavaPresentationCompiler.<init>(JavaPresentationCompiler.scala:47)
	at scala.meta.internal.metals.Compilers.loadJavaCompilerForTarget(Compilers.scala:953)
	at scala.meta.internal.metals.Compilers.$anonfun$loadJavaCompiler$1(Compilers.scala:922)
	at scala.Option.flatMap(Option.scala:283)
	at scala.meta.internal.metals.Compilers.loadJavaCompiler(Compilers.scala:921)
	at scala.meta.internal.metals.Compilers.fromBuildTarget$1(Compilers.scala:802)
	at scala.meta.internal.metals.Compilers.loadCompiler(Compilers.scala:810)
	at scala.meta.internal.metals.Compilers.didClose(Compilers.scala:216)
	at scala.meta.internal.metals.MetalsLspService.didClose(MetalsLspService.scala:1163)
	at scala.meta.internal.metals.WorkspaceLspService.didClose(WorkspaceLspService.scala:343)
	at scala.meta.metals.lsp.DelegatingScalaService.didClose(DelegatingScalaService.scala:53)
	... 15 more
Caused by: java.lang.ClassNotFoundException: com.sun.source.tree.Tree
	at java.net.URLClassLoader.findClass(URLClassLoader.java:382)
	at java.lang.ClassLoader.loadClass(ClassLoader.java:418)
	at sun.misc.Launcher$AppClassLoader.loadClass(Launcher.java:352)
	at java.lang.ClassLoader.loadClass(ClassLoader.java:351)
	... 26 more

2023.11.06 14:42:32 INFO  time: compiled root in 1m41s
2023.11.06 14:42:32 INFO  compiling root (8 scala sources and 1 java source)
2023.11.06 14:43:48 INFO  time: compiled root in 1m14s
Nov 06, 2023 2:44:37 PM org.eclipse.lsp4j.jsonrpc.RemoteEndpoint handleCancellation
WARNING: Unmatched cancel notification for request id 6439
2023.11.06 14:45:21 INFO  compiling root (8 scala sources and 1 java source)
2023.11.06 14:45:34 INFO  time: compiled root in 12s
Nov 06, 2023 2:46:19 PM org.eclipse.lsp4j.jsonrpc.services.GenericEndpoint notify
INFO: Unsupported notification method: $/setTrace
Nov 06, 2023 2:46:27 PM org.eclipse.lsp4j.jsonrpc.services.GenericEndpoint notify
INFO: Unsupported notification method: $/setTrace
2023.11.06 14:48:22 INFO  compiling root (8 scala sources and 1 java source)
2023.11.06 14:48:35 INFO  time: compiled root in 12s
2023.11.06 14:49:17 INFO  compiling root (8 scala sources and 1 java source)
2023.11.06 14:49:31 INFO  time: compiled root in 14s
2023.11.06 14:50:10 INFO  compiling root (8 scala sources and 1 java source)
2023.11.06 14:50:19 WARN  failed to generate semanticdb for /Users/acabase/Downloads/New Folder With Items/coincap-backend/app/models/repo/PortfolioRepo.scala:
java.lang.IllegalArgumentException: 1408 is not a valid offset, allowed [0..1405]
	at scala.meta.internal.inputs.InternalInput.offsetToLine(InternalInput.scala:54)
	at scala.meta.internal.inputs.InternalInput.offsetToLine$(InternalInput.scala:48)
	at scala.meta.inputs.Input$File.offsetToLine(Input.scala:51)
	at scala.meta.inputs.Position$Range.endLine(Position.scala:41)
	at scala.meta.internal.inputs.package$XtensionPositionToRange$.toRange$extension(package.scala:47)
	at scala.meta.internal.semanticdb.scalac.TextDocumentOps$XtensionCompilationUnitDocument$traverser$3$.tryFindSynthetic(TextDocumentOps.scala:541)
	at scala.meta.internal.semanticdb.scalac.TextDocumentOps$XtensionCompilationUnitDocument$traverser$3$.traverse(TextDocumentOps.scala:722)
	at scala.meta.internal.semanticdb.scalac.TextDocumentOps$XtensionCompilationUnitDocument$traverser$3$.traverse(TextDocumentOps.scala:210)
	at scala.reflect.internal.Trees$Select.traverse(Trees.scala:857)
	at scala.reflect.internal.Trees.itraverse(Trees.scala:1605)
	at scala.reflect.internal.Trees.itraverse$(Trees.scala:1604)
	at scala.reflect.internal.SymbolTable.itraverse(SymbolTable.scala:28)
	at scala.reflect.internal.SymbolTable.itraverse(SymbolTable.scala:28)
	at scala.reflect.api.Trees$Traverser.traverse(Trees.scala:2497)
	at scala.meta.internal.semanticdb.scalac.TextDocumentOps$XtensionCompilationUnitDocument$traverser$3$.traverse(TextDocumentOps.scala:783)
	at scala.meta.internal.semanticdb.scalac.TextDocumentOps$XtensionCompilationUnitDocument$traverser$3$.traverse(TextDocumentOps.scala:210)
	at scala.reflect.api.Trees$Traverser.traverseTrees(Trees.scala:2506)
	at scala.reflect.internal.Trees$Apply.traverse(Trees.scala:791)
	at scala.reflect.internal.Trees.itraverse(Trees.scala:1605)
	at scala.reflect.internal.Trees.itraverse$(Trees.scala:1604)
	at scala.reflect.internal.SymbolTable.itraverse(SymbolTable.scala:28)
	at scala.reflect.internal.SymbolTable.itraverse(SymbolTable.scala:28)
	at scala.reflect.api.Trees$Traverser.traverse(Trees.scala:2497)
	at scala.meta.internal.semanticdb.scalac.TextDocumentOps$XtensionCompilationUnitDocument$traverser$3$.traverse(TextDocumentOps.scala:783)
	at scala.meta.internal.semanticdb.scalac.TextDocumentOps$XtensionCompilationUnitDocument$traverser$3$.traverse(TextDocumentOps.scala:210)
	at scala.reflect.internal.Trees$DefDef.$anonfun$traverse$4(Trees.scala:463)
	at scala.reflect.api.Trees$Traverser.atOwner(Trees.scala:2529)
	at scala.reflect.internal.Trees$DefDef.traverse(Trees.scala:457)
	at scala.reflect.internal.Trees.itraverse(Trees.scala:1605)
	at scala.reflect.internal.Trees.itraverse$(Trees.scala:1604)
	at scala.reflect.internal.SymbolTable.itraverse(SymbolTable.scala:28)
	at scala.reflect.internal.SymbolTable.itraverse(SymbolTable.scala:28)
	at scala.reflect.api.Trees$Traverser.traverse(Trees.scala:2497)
	at scala.meta.internal.semanticdb.scalac.TextDocumentOps$XtensionCompilationUnitDocument$traverser$3$.traverse(TextDocumentOps.scala:783)
	at scala.meta.internal.semanticdb.scalac.TextDocumentOps$XtensionCompilationUnitDocument$traverser$3$.traverse(TextDocumentOps.scala:210)
	at scala.reflect.api.Trees$Traverser.$anonfun$traverseStats$2(Trees.scala:2520)
	at scala.reflect.api.Trees$Traverser.atOwner(Trees.scala:2529)
	at scala.reflect.api.Trees$Traverser.$anonfun$traverseStats$1(Trees.scala:2520)
	at scala.reflect.api.Trees$Traverser.traverseStats(Trees.scala:2519)
	at scala.reflect.internal.Trees$Template.traverse(Trees.scala:550)
	at scala.reflect.internal.Trees.itraverse(Trees.scala:1605)
	at scala.reflect.internal.Trees.itraverse$(Trees.scala:1604)
	at scala.reflect.internal.SymbolTable.itraverse(SymbolTable.scala:28)
	at scala.reflect.internal.SymbolTable.itraverse(SymbolTable.scala:28)
	at scala.reflect.api.Trees$Traverser.traverse(Trees.scala:2497)
	at scala.meta.internal.semanticdb.scalac.TextDocumentOps$XtensionCompilationUnitDocument$traverser$3$.traverse(TextDocumentOps.scala:783)
	at scala.meta.internal.semanticdb.scalac.TextDocumentOps$XtensionCompilationUnitDocument$traverser$3$.traverse(TextDocumentOps.scala:210)
	at scala.reflect.internal.Trees$ClassDef.$anonfun$traverse$1(Trees.scala:369)
	at scala.reflect.api.Trees$Traverser.atOwner(Trees.scala:2529)
	at scala.reflect.internal.Trees$ClassDef.traverse(Trees.scala:365)
	at scala.reflect.internal.Trees.itraverse(Trees.scala:1605)
	at scala.reflect.internal.Trees.itraverse$(Trees.scala:1604)
	at scala.reflect.internal.SymbolTable.itraverse(SymbolTable.scala:28)
	at scala.reflect.internal.SymbolTable.itraverse(SymbolTable.scala:28)
	at scala.reflect.api.Trees$Traverser.traverse(Trees.scala:2497)
	at scala.meta.internal.semanticdb.scalac.TextDocumentOps$XtensionCompilationUnitDocument$traverser$3$.traverse(TextDocumentOps.scala:783)
	at scala.meta.internal.semanticdb.scalac.TextDocumentOps$XtensionCompilationUnitDocument$traverser$3$.traverse(TextDocumentOps.scala:210)
	at scala.reflect.api.Trees$Traverser.$anonfun$traverseStats$2(Trees.scala:2520)
	at scala.reflect.api.Trees$Traverser.atOwner(Trees.scala:2529)
	at scala.reflect.api.Trees$Traverser.$anonfun$traverseStats$1(Trees.scala:2520)
	at scala.reflect.api.Trees$Traverser.traverseStats(Trees.scala:2519)
	at scala.reflect.internal.Trees$PackageDef.traverse(Trees.scala:349)
	at scala.reflect.internal.Trees.itraverse(Trees.scala:1605)
	at scala.reflect.internal.Trees.itraverse$(Trees.scala:1604)
	at scala.reflect.internal.SymbolTable.itraverse(SymbolTable.scala:28)
	at scala.reflect.internal.SymbolTable.itraverse(SymbolTable.scala:28)
	at scala.reflect.api.Trees$Traverser.traverse(Trees.scala:2497)
	at scala.meta.internal.semanticdb.scalac.TextDocumentOps$XtensionCompilationUnitDocument$traverser$3$.traverse(TextDocumentOps.scala:783)
	at scala.meta.internal.semanticdb.scalac.TextDocumentOps$XtensionCompilationUnitDocument.toTextDocument(TextDocumentOps.scala:786)
	at scala.meta.internal.semanticdb.scalac.TextDocumentOps$XtensionCompilationUnitDocument.toTextDocument(TextDocumentOps.scala:54)
	at scala.meta.internal.semanticdb.scalac.SemanticdbPipeline$SemanticdbTyperComponent$ComputeSemanticdbPhase.saveSemanticdbForCompilationUnit(SemanticdbPipeline.scala:59)
	at scala.meta.internal.semanticdb.scalac.SemanticdbPipeline$SemanticdbTyperComponent$ComputeSemanticdbPhase.apply(SemanticdbPipeline.scala:65)
	at scala.tools.nsc.Global$GlobalPhase.applyPhase(Global.scala:480)
	at scala.tools.nsc.Global$GlobalPhase.run(Global.scala:427)
	at scala.meta.internal.semanticdb.scalac.SemanticdbPipeline$SemanticdbTyperComponent$ComputeSemanticdbPhase.run(SemanticdbPipeline.scala:75)
	at scala.tools.nsc.Global$Run.compileUnitsInternal(Global.scala:1546)
	at scala.tools.nsc.Global$Run.compileUnits(Global.scala:1530)
	at scala.tools.nsc.Global$Run.compileSources(Global.scala:1522)
	at scala.tools.nsc.Global$Run.compileFiles(Global.scala:1635)
	at scala.tools.xsbt.CachedCompiler0.run(CompilerBridge.scala:176)
	at scala.tools.xsbt.CachedCompiler0.run(CompilerBridge.scala:139)
	at scala.tools.xsbt.CompilerBridge.run(CompilerBridge.scala:43)
	at sbt.internal.inc.AnalyzingCompiler.compile(AnalyzingCompiler.scala:91)
	at sbt.internal.inc.bloop.internal.BloopHighLevelCompiler.compileSources$1(BloopHighLevelCompiler.scala:133)
	at sbt.internal.inc.bloop.internal.BloopHighLevelCompiler.$anonfun$compile$7(BloopHighLevelCompiler.scala:159)
	at scala.runtime.java8.JFunction0$mcV$sp.apply(JFunction0$mcV$sp.java:23)
	at sbt.internal.inc.bloop.internal.BloopHighLevelCompiler.$anonfun$compile$1(BloopHighLevelCompiler.scala:71)
	at bloop.tracing.BraveTracer.traceInternal(BraveTracer.scala:67)
	at bloop.tracing.BraveTracer.trace(BraveTracer.scala:41)
	at sbt.internal.inc.bloop.internal.BloopHighLevelCompiler.timed$1(BloopHighLevelCompiler.scala:70)
	at sbt.internal.inc.bloop.internal.BloopHighLevelCompiler.$anonfun$compile$6(BloopHighLevelCompiler.scala:159)
	at scala.runtime.java8.JFunction0$mcV$sp.apply(JFunction0$mcV$sp.java:23)
	at monix.eval.internal.TaskRunLoop$.startFull(TaskRunLoop.scala:81)
	at monix.eval.internal.TaskRestartCallback.syncOnSuccess(TaskRestartCallback.scala:101)
	at monix.eval.internal.TaskRestartCallback.onSuccess(TaskRestartCallback.scala:74)
	at monix.eval.internal.TaskExecuteOn$AsyncRegister$$anon$1.run(TaskExecuteOn.scala:71)
	at java.util.concurrent.ForkJoinTask$RunnableExecuteAction.exec(ForkJoinTask.java:1402)
	at java.util.concurrent.ForkJoinTask.doExec(ForkJoinTask.java:289)
	at java.util.concurrent.ForkJoinPool$WorkQueue.runTask(ForkJoinPool.java:1056)
	at java.util.concurrent.ForkJoinPool.runWorker(ForkJoinPool.java:1692)
	at java.util.concurrent.ForkJoinWorkerThread.run(ForkJoinWorkerThread.java:175)

2023.11.06 14:50:22 INFO  time: compiled root in 12s
2023.11.06 14:50:28 INFO  compiling root (8 scala sources and 1 java source)
2023.11.06 14:50:51 INFO  time: compiled root in 22s
2023.11.06 14:52:45 INFO  compiling root (8 scala sources and 1 java source)
2023.11.06 14:52:59 INFO  time: compiled root in 14s
2023.11.06 14:54:41 INFO  compiling root (8 scala sources and 1 java source)
2023.11.06 14:54:55 INFO  time: compiled root in 14s
2023.11.06 14:54:55 INFO  compiling root (8 scala sources and 1 java source)
2023.11.06 14:55:09 INFO  time: compiled root in 12s
2023.11.06 14:56:14 INFO  compiling root (8 scala sources and 1 java source)
2023.11.06 14:56:27 INFO  time: compiled root in 12s
2023.11.06 16:50:45 INFO  compiling root (8 scala sources and 1 java source)
2023.11.06 16:50:57 INFO  time: compiled root in 12s
2023.11.06 16:51:03 INFO  compiling root (8 scala sources and 1 java source)
2023.11.06 16:51:15 INFO  time: compiled root in 12s
2023.11.06 16:51:15 INFO  compiling root (8 scala sources and 1 java source)
2023.11.06 16:51:22 INFO  time: compiled root in 6.37s
2023.11.06 16:51:30 INFO  compiling root (8 scala sources and 1 java source)
2023.11.06 16:51:39 INFO  time: compiled root in 8.72s
2023.11.06 16:52:29 INFO  compiling root (8 scala sources and 1 java source)
2023.11.06 16:52:39 INFO  time: compiled root in 10s
2023.11.06 16:52:39 INFO  compiling root (8 scala sources and 1 java source)
2023.11.06 16:52:46 INFO  time: compiled root in 6.28s
2023.11.06 16:53:40 INFO  Shutting down server
2023.11.06 16:53:40 INFO  shutting down Metals
2023.11.06 16:53:40 INFO  Shut down connection with build server.
2023.11.06 16:53:40 INFO  Shut down connection with build server.
2023.11.06 16:53:40 INFO  Shut down connection with build server.
2023.11.06 16:53:41 INFO  Exiting server
